Image_ID,Beach,Sea,Horizon,Vegetation,Golden_Hour,Midday,Overcast,Other_Negative
Coast_Train _13.jpeg,1,1,1,1,1,0,0,0
Coast_Train _824.jpeg,1,1,1,1,0,0,1,0
Coast_Train_ 2.jpeg,1,1,1,1,0,1,0,0
Coast_Train_ 5.jpeg,1,1,1,0,0,1,0,0
Coast_Train_ 11.jpeg,1,1,1,1,0,1,0,0
Coast_Train_ 35.jpeg,1,1,1,1,0,1,0,0
Coast_Train_ 38.jpeg,1,1,1,1,1,0,0,0
Coast_Train_ 49.jpeg,1,1,1,1,1,0,0,0
Coast_Train_ 144.jpeg,1,1,1,1,0,1,0,0
Coast_Train_ 151.jpeg,1,1,1,0,1,0,0,0
Coast_Train_ 171.jpeg,1,1,1,0,0,1,0,0
Coast_Train_ 20.jpeg,1,1,1,1,0,1,0,0
Coast_Train_23.jpeg,1,1,1,1,0,1,0,0
Coast_Train_27.jpeg,1,1,1,1,0,1,0,0
Coast_Train_31.jpeg,1,1,1,0,0,1,0,0
Coast_Train_174.jpeg,1,1,1,1,1,0,0,0
Coast_Train_177.jpeg,1,1,1,0,0,0,1,0
Coast_Train_179.jpeg,1,1,1,0,1,0,0,0
Coast_Train_186.jpeg,1,1,1,1,0,1,0,0
Coast_Train_207.jpeg,1,1,1,1,0,0,1,0
Coast_Train_221.jpeg,1,1,1,0,1,0,0,0
Coast_Train_225.jpeg,1,1,1,0,0,1,0,0
Coast_Train_226.jpeg,1,1,1,0,1,0,1,0
Coast_Train_241.jpeg,0,1,1,0,1,0,0,0
Coast_Train_538.jpeg,1,1,1,0,1,0,0,0
Coast_Train_642.jpeg,1,1,1,0,1,0,0,0
Coast_Train_688.jpeg,1,1,1,0,1,0,0,0
Coast_Train_851.jpeg,1,1,1,1,0,1,0,0
Coast_Train_1240.jpeg,1,1,1,1,0,0,0,0
Coast_Train_1243.jpeg,1,1,1,1,0,1,0,0
Coast_Train_1267.jpeg,1,1,1,1,0,1,0,0
Coast_Train_1296.jpeg,1,1,1,1,0,1,0,0
Coast_Train_1306.jpeg,1,1,1,1,1,0,0,0
Coast_Train_1324.jpeg,1,1,1,0,0,1,0,0
Coast_Train_1369.jpeg,1,1,1,0,0,1,0,0
Coast_Train_1373.jpeg,1,1,1,0,1,0,0,0
Coast_Train_1408.jpeg,1,1,1,0,0,1,0,0
Coast_Train_1428.jpeg,0,1,1,1,1,0,0,0
Coast_Train_1454.jpeg,1,1,1,1,1,0,0,0
Coast_Train_1461.jpeg,1,1,1,1,0,1,0,0
Coast_Train_1473.jpeg,1,1,1,1,0,1,0,0
Coast_Train_1474.jpeg,1,1,1,1,1,0,0,0
Coast_Train_1511.jpeg,0,1,1,1,1,0,0,0
Coast_Train_1513.jpeg,1,1,1,1,0,1,0,0
Coast_Train_1736.jpeg,1,1,1,0,0,1,0,0
Coast_Train_1801.jpeg,1,1,1,1,0,1,0,0
Coast_Train_1967.jpeg,1,1,1,1,0,1,0,0
Coast_Train_1996.jpeg,1,1,1,1,0,1,0,0
Coast_Train_1997.jpeg,1,1,1,1,1,0,0,0
Coast-Train_1133.jpeg,1,1,1,0,0,1,0,0
Desert_Train_32.jpeg,0,0,1,0,0,1,0,1
Desert_Train_36.jpeg,0,0,1,0,1,0,0,1
Desert_Train_40.jpeg,0,0,1,0,0,1,0,1
Desert_Train_60.jpeg,0,0,1,1,0,1,0,1
Desert_Train_67.jpeg,0,0,1,1,0,1,0,1
Desert_Train_70.jpeg,0,0,1,1,1,0,0,1
Desert_Train_74.jpeg,0,0,1,0,0,1,0,1
Desert_Train_109.jpeg,0,0,1,1,1,0,0,1
Desert_Train_113.jpeg,0,0,1,0,0,1,0,1
Desert_Train_119.jpeg,0,0,1,1,0,0,1,1
Desert_Train_141.jpeg,0,0,1,0,0,1,0,1
Desert_Train_219.jpeg,0,0,1,0,1,0,0,1
Desert_Train_235.jpeg,0,0,1,0,1,0,0,1
Desert_Train_240.jpeg,0,0,1,1,1,0,0,1
Desert_Train_242.jpeg,0,0,1,0,1,0,0,1
Desert_Train_249.jpeg,0,0,1,1,1,0,0,1
Desert_Train_251.jpeg,0,0,1,0,0,1,0,1
Desert_Train_367.jpeg,0,0,1,0,1,0,0,1
Forest_Train_62.jpeg,0,0,0,1,1,0,0,1
Forest_Train_94.jpeg,0,0,0,1,0,1,0,1
Forest_Train_128.jpeg,0,0,0,1,1,0,0,1
Forest_Train_149.jpeg,0,0,0,1,1,0,0,1
Forest_Train_152.jpeg,0,0,0,1,1,0,0,1
Forest_Train_159.jpeg,0,0,1,1,1,0,0,1
Forest_Train_183.jpeg,0,0,0,1,1,0,0,1
Forest_Train_205.jpeg,0,0,0,1,0,1,0,1
Forest_Train_277.jpeg,0,0,0,1,1,0,0,1
Glacier_Train_68.jpeg,0,0,1,0,0,0,1,1
Glacier_Train_70.jpeg,0,0,1,0,0,1,0,1
Glacier_Train_92.jpeg,0,0,1,1,0,0,1,1
Glacier_Train_110.jpeg,0,0,1,0,0,1,0,1
Glacier_Train_115.jpeg,0,0,1,0,0,1,0,1
Glacier_Train_122.jpeg,0,0,1,0,0,0,1,1
Glacier_Train_145.jpeg,0,0,1,0,0,1,0,1
Glacier_Train_153.jpeg,0,0,1,0,0,1,0,1
Glacier_Train_164.jpeg,0,0,1,0,0,1,0,1
Glacier_Train_173.jpeg,0,0,1,0,0,1,0,1
Glacier_Train_186.jpeg,0,0,1,0,0,1,0,1
Glacier_Train_203.jpeg,0,0,1,0,0,1,1,1
Glacier_Train_224.jpeg,0,0,1,1,0,1,0,1
Glacier_Train_381.jpeg,0,1,1,0,1,0,0,1
Mountain_3023.jpeg,0,0,1,0,0,1,1,1
Mountain_3043.jpeg,0,0,1,1,1,0,0,1
Mountain_3090.jpeg,0,0,1,1,1,0,0,1
Mountain_3102.jpeg,0,0,1,1,1,0,0,1
Mountain_3103.jpeg,0,0,1,0,1,0,0,1
Mountain_3294.jpeg,0,0,1,1,1,0,0,1
Mountain_3319.jpeg,0,1,1,0,1,0,0,1
Mountain_3404.jpeg,0,0,1,1,0,1,0,1
Mountain_3417.jpeg,0,0,1,1,1,0,0,1
Coast_Train_8.jpeg,1,1,1,1,0,1,0,0
Coast_Train_22.jpeg,0,1,1,0,1,0,0,0
Coast_Train_39.jpeg,1,1,1,1,0,1,0,0
Coast_Train_42.jpeg,1,1,1,1,0,1,0,0
Coast_Train_43.jpeg,1,1,1,1,1,0,0,0
Coast_Train_44.jpeg,1,1,1,1,1,0,0,0
Coast_Train_55.jpeg,1,1,1,1,0,1,0,0
Coast_Train_59.jpeg,1,1,1,1,0,1,0,0
Coast_Train_60.jpeg,1,1,1,1,0,1,0,0
Coast_Train_65.jpeg,1,1,1,1,1,0,1,0
Coast_Train_71.jpeg,1,1,1,1,0,1,0,0
Coast_Train_76.jpeg,0,1,1,0,1,0,0,0
Coast_Train_78.jpeg,1,1,1,1,0,1,0,0
Coast_Train_80.jpeg,1,1,1,1,1,0,0,0
Coast_Train_86.jpeg,1,1,1,1,0,1,0,0
Coast_Train_112.jpeg,1,1,1,1,1,0,1,0
Coast_Train_157.jpeg,1,1,1,1,0,1,0,0
Coast_Train_163.jpeg,1,1,1,1,0,1,0,0
Coast_Train_256.jpeg,1,1,1,1,1,0,0,0
Coast_Train_285.jpeg,0,1,1,0,0,1,0,0
Coast_Train_355.jpeg,1,1,1,1,1,0,0,0
Coast_Train_401.jpeg,1,1,1,1,1,0,0,0
Coast_Train_454.jpeg,1,1,1,1,0,0,0,1
Coast_Train_499.jpeg,1,1,1,1,0,1,0,0
Coast_Train_539.jpeg,1,1,1,1,1,0,0,0
Coast_Train_571.jpeg,1,1,1,1,0,1,1,0
Coast_Train_572.jpeg,1,1,1,1,1,0,0,0
Coast_Train_597.jpeg,1,1,1,1,0,1,0,0
Coast_Train_680.jpeg,1,1,1,1,0,1,0,0
Coast_Train_716.jpeg,1,1,1,0,1,0,0,0
Coast_Train_721.jpeg,1,1,1,1,0,1,0,0
Coast_Train_774.jpeg,1,1,1,1,1,0,0,0
Coast_Train_835.jpeg,1,1,1,1,0,1,1,0
Coast_Train_1234.jpeg,1,1,1,1,0,1,0,0
Coast_Train_1235.jpeg,1,1,1,1,0,1,0,0
Coast_Train_1293.jpeg,1,1,1,1,0,1,0,0
Coast_Train_1342.jpeg,1,1,1,1,0,1,0,0
Coast_Train_1345.jpeg,1,1,1,1,1,0,0,0
Coast_Train_1378.jpeg,1,1,1,0,0,1,0,0
Coast_Train_1447.jpeg,1,1,1,1,0,1,1,0
Coast_Train_1560.jpeg,1,1,1,1,1,0,0,0
Coast_Train_1580.jpeg,1,1,1,1,0,1,0,0
Coast_Train_1619.jpeg,1,1,1,1,0,1,0,0
Coast_Train_1626.jpeg,1,1,0,0,0,1,0,0
Coast_Train_1676.jpeg,1,1,1,1,1,0,0,0
Coast_Train_1746.jpeg,1,1,1,1,1,0,0,0
Coast_Train_1811.jpeg,1,1,1,1,0,1,1,0
Coast_Train_1818.jpeg,1,1,0,1,0,1,0,0
Coast_Train_1912.jpeg,1,1,1,1,0,1,0,0
Coast_Train_1990.jpeg,1,1,1,1,0,1,0,0
Desert_Train_38.jpeg,0,0,1,0,1,0,0,0
Desert_Train_43.jpeg,0,0,1,0,0,1,0,0
Desert_Train_55.jpeg,0,0,1,0,0,0,1,0
Desert_Train_79.jpeg,0,0,1,0,0,1,0,0
Desert_Train_110.jpeg,0,0,1,0,0,1,0,0
Desert_Train_114.jpeg,0,0,1,1,0,1,0,0
Desert_Train_181.jpeg,0,0,1,0,0,1,0,0
Desert_Train_272.jpeg,0,0,1,0,0,1,0,0
Desert_Train_285.jpeg,0,0,1,0,1,0,0,0
Desert_Train_290.jpeg,0,0,1,0,1,0,0,0
Forest_Train_91.jpeg,0,0,0,1,1,0,0,0
Forest_Train_97.jpeg,0,0,0,1,1,0,0,0
Forest_Train_110.jpeg,0,0,0,1,1,0,0,0
Forest_Train_123.jpeg,0,0,0,1,1,0,0,0
Forest_Train_131.jpeg,0,0,0,1,1,0,0,0
Forest_Train_154.jpeg,0,1,1,1,0,1,0,0
Forest_Train_170.jpeg,0,0,0,1,1,0,0,0
Forest_Train_231.jpeg,0,1,1,1,0,1,0,0
Forest_Train_260.jpeg,0,0,0,1,1,0,0,0
Forest_Train_263.jpeg,0,1,0,1,0,1,0,0
Forest_Train_282.jpeg,0,1,1,1,0,1,0,0
Glacier_Train_7.jpeg,0,1,1,1,0,0,1,0
Glacier_Train_9.jpeg,0,1,1,1,0,0,0,0
Glacier_Train_43.jpeg,0,1,1,1,0,0,0,0
Glacier_Train_78.jpeg,0,1,1,0,0,0,1,0
Glacier_Train_109.jpeg,0,1,1,0,0,1,0,0
Glacier_Train_333.jpeg,0,1,1,0,0,1,0,0
Glacier_Train_344.jpeg,0,1,1,1,0,0,0,0
Glacier_Train_361.jpeg,0,1,1,0,0,1,0,0
Glacier_Train_370.jpeg,0,1,1,0,0,1,0,0
Glacier_Train_372.jpeg,0,1,1,0,0,0,1,0
Glacier_Train_402.jpeg,0,1,1,0,0,1,0,0
Glacier_Train_464.jpeg,0,1,1,0,1,0,1,0
Glacier-Train_90.jpeg,0,1,1,1,0,1,0,0
Mountai_3083.jpeg,0,0,1,1,1,0,1,0
Mountain_3274.jpeg,0,0,1,1,1,0,0,0
Mountain_3045.jpeg,0,0,1,1,0,1,0,0
Mountain_3089.jpeg,0,0,1,0,1,0,1,0
Mountain_3143.jpeg,0,0,1,1,1,0,1,0
Mountain_3265.jpeg,0,0,1,1,0,1,1,0
Mountain_3276.jpeg,0,0,1,1,0,1,1,0
Mountain_3287.jpeg,0,0,1,1,1,0,1,0
Mountain_3366.jpeg,0,1,1,1,0,1,0,0
Mountain_3374.jpeg,0,0,1,1,0,1,0,0
Mountain_3379.jpeg,0,0,1,0,0,1,1,0
Mountain_3405.jpeg,0,0,1,1,0,1,0,0
Mountain_3411.jpeg,0,0,1,1,0,1,1,0
Mountain_3422.jpeg,0,0,1,1,0,1,0,0
Mountain_3435.jpeg,0,0,1,1,1,0,0,0
Mountain_3451.jpeg,0,0,1,1,0,1,0,0
Coast_Train_4.jpeg,1,1,1,0,0,1,0,0
Coast_Train_12.jpeg,1,1,1,1,0,1,0,0
Coast_Train_19.jpeg,0,1,1,1,0,1,0,0
Coast_Train_34.jpeg,1,1,1,1,0,1,1,0
Coast_Train_45.jpeg,1,1,1,1,0,1,0,0
Coast_Train_51.jpeg,1,1,1,1,0,1,0,0
Coast_Train_52.jpeg,1,1,1,1,0,1,0,0
Coast_Train_54.jpeg,1,1,1,1,0,1,1,0
Coast_Train_77.jpeg,1,1,1,1,0,1,0,0
Coast_Train_85.jpeg,1,1,1,1,0,1,0,0
Coast_Train_87.jpeg,1,1,1,1,1,0,0,0
Coast_Train_92.jpeg,1,1,1,1,0,1,0,0
Coast_Train_94.jpeg,1,1,1,1,0,1,0,0
Coast_Train_97.jpeg,1,1,1,1,0,1,0,0
Coast_Train_114.jpeg,1,1,1,1,0,1,0,0
Coast_Train_118.jpeg,1,1,1,1,0,1,0,0
Coast_Train_127.jpeg,1,1,1,0,0,1,0,0
Coast_Train_146.jpeg,1,1,1,1,0,1,0,0
Coast_Train_148.jpeg,1,1,1,1,0,1,0,0
Coast_Train_149.jpeg,1,1,1,0,0,1,0,0
Coast_Train_164.jpeg,0,1,1,0,0,1,1,0
Coast_Train_181.jpeg,1,1,1,0,1,0,0,0
Coast_Train_183.jpeg,1,1,1,1,0,1,0,0
Coast_Train_194.jpeg,1,1,1,1,0,0,1,0
Coast_Train_195.jpeg,1,1,1,1,1,0,0,0
Coast_Train_228.jpeg,1,1,1,0,1,0,0,0
Coast_Train_244.jpeg,1,1,1,0,0,1,1,0
Coast_Train_247.jpeg,1,1,1,0,1,0,0,0
Coast_Train_251.jpeg,1,1,1,0,1,0,1,0
Coast_Train_292.jpeg,0,1,1,1,0,0,1,1
Coast_Train_317.jpeg,1,1,1,1,0,1,0,0
Coast_Train_335.jpeg,1,1,1,1,0,0,1,0
Coast_Train_345.jpeg,1,1,1,0,1,0,0,0
Coast_Train_364.jpeg,1,1,1,1,0,1,0,0
Coast_Train_387.jpeg,1,1,1,1,0,1,0,0
Coast_Train_595.jpeg,1,1,1,1,1,0,0,0
Coast_Train_634.jpeg,0,1,1,1,0,0,1,0
Coast_Train_641.jpeg,0,1,1,0,0,1,0,0
Coast_Train_1885.jpeg,0,1,1,1,0,1,0,0
Coast_Train_1891.jpeg,1,1,1,1,0,1,0,0
Coast_Train_1897.jpeg,0,1,1,1,0,1,0,0
Coast_Train_1905.jpeg,1,1,1,1,1,0,0,0
Coast_Train_1920.jpeg,0,1,1,1,0,1,0,0
Coast_Train_1924.jpeg,1,1,1,1,0,1,0,0
Coast_Train_1949.jpeg,0,1,1,1,0,1,1,0
Coast_Train_1951.jpeg,0,1,1,1,1,0,0,0
Coast_Train_1959.jpeg,1,1,1,1,0,1,0,0
Coast_Train_1979.jpeg,1,1,1,1,0,1,0,0
Coast_Train_1995.jpeg,1,1,1,0,0,1,0,0
Coast_Train_1999.jpeg,0,1,1,1,0,1,0,0
Desert_Train_33.jpeg,0,0,1,0,1,0,0,1
Desert_Train_34.jpeg,0,0,1,1,1,0,0,1
Desert_Train_51.jpeg,0,0,1,0,1,0,0,1
Desert_Train_69.jpeg,0,0,1,0,1,0,0,1
Desert_Train_72.jpeg,0,0,1,0,0,1,1,1
Desert_Train_82.jpeg,0,0,1,0,1,0,0,1
Desert_Train_89.jpeg,0,0,1,0,1,0,0,1
Desert_Train_90.jpeg,0,0,1,1,0,1,0,0
Desert_Train_111.jpeg,0,0,1,1,1,0,0,1
Desert_Train_122.jpeg,0,0,1,1,1,0,0,1
Desert_Train_124.jpeg,0,0,1,0,0,1,1,1
Desert_Train_137.jpeg,0,0,1,0,1,0,0,1
Desert_Train_139.jpeg,0,0,1,0,0,1,0,1
Desert_Train_148.jpeg,0,0,1,1,1,0,0,1
Desert_Train_150.jpeg,0,0,1,0,1,0,0,1
Desert_Train_159.jpeg,0,0,1,1,0,1,1,0
Desert_Train_162.jpeg,0,0,1,0,0,1,0,1
Desert_Train_165.jpeg,0,0,1,0,0,1,1,1
Desert_Train_166.jpeg,1,0,1,1,1,0,1,0
Desert_Train_196.jpeg,0,0,1,1,0,1,0,0
Desert_Train_202.jpeg,0,0,1,1,0,1,0,0
Desert_Train_207.jpeg,0,0,1,0,0,0,1,1
Desert_Train_212.jpeg,0,0,1,1,0,1,0,0
Desert_Train_222.jpeg,0,0,1,0,1,0,1,1
Desert_Train_229.jpeg,1,1,1,0,0,1,0,0
Desert_Train_241.jpeg,0,0,1,0,1,0,1,1
Desert_Train_243.jpeg,0,0,1,1,0,1,0,0
Desert_Train_260.jpeg,0,0,1,0,1,0,0,1
Desert_Train_261.jpeg,0,0,1,0,1,0,0,1
Forest_Train_1.jpeg,0,0,1,1,0,1,0,0
Forest_Train_15.jpeg,0,0,1,1,0,1,0,0
Forest_Train_16.jpeg,0,0,1,1,0,1,1,0
Forest_Train_48.jpeg,0,0,1,1,0,1,0,0
Forest_Train_60.jpeg,0,0,1,1,0,1,0,0
Forest_Train_61.jpeg,0,0,1,1,1,0,0,0
Forest_Train_377.jpeg,0,0,1,1,0,1,0,0
Glacier_Train_3.jpeg,0,1,1,1,0,1,0,0
Glacier_Train_4.jpeg,0,1,1,0,0,1,0,0
Glacier_Train_16.jpeg,0,1,1,0,0,1,0,0
Glacier_Train_17.jpeg,0,1,1,1,0,1,0,0
Glacier_Train_45.jpeg,0,1,1,1,0,1,0,0
Glacier_Train_52.jpeg,0,1,1,1,0,1,0,0
Glacier_Train_55.jpeg,0,1,1,0,0,1,0,0
Glacier_Train_72.jpeg,0,1,1,0,0,0,1,0
Glacier_Train_82.jpeg,0,1,1,0,0,0,1,0
Mountain_3029.jpeg,0,0,1,1,0,1,0,0
Mountain_3016.jpeg,0,0,1,0,1,0,0,0
Mountain_3021.jpeg,0,0,1,1,0,1,0,0
Mountain_3024.jpeg,0,0,1,1,1,0,0,0
Mountain_3025.jpeg,0,0,1,0,1,0,0,0
Coast_Train_7.jpeg,1,1,1,1,0,1,0,0
Coast_Train_17.jpeg,1,1,1,1,0,1,0,0
Coast_Train_18.jpeg,1,1,1,0,0,1,0,0
Coast_Train_21.jpeg,1,1,1,1,0,1,0,0
Coast_Train_40.jpeg,1,1,1,1,0,1,0,0
Coast_Train_53.jpeg,1,1,1,1,0,1,0,0
Coast_Train_61.jpeg,1,1,1,0,1,0,0,0
Coast_Train_64.jpeg,1,1,1,1,0,1,0,0
Coast_Train_73.jpeg,1,1,1,1,0,1,0,1
Coast_Train_88.jpeg,1,1,1,1,0,1,0,0
Coast_Train_106.jpeg,1,1,1,1,0,1,0,0
Coast_Train_110.jpeg,1,1,1,1,0,1,0,0
Coast_Train_116.jpeg,1,1,1,1,0,1,0,0
Coast_Train_122.jpeg,1,1,1,1,1,0,0,0
Coast_Train_123.jpeg,1,1,1,0,0,1,0,0
Coast_Train_125.jpeg,1,1,1,1,0,1,0,0
Coast_Train_128.jpeg,1,1,1,1,1,0,0,0
Coast_Train_131.jpeg,1,1,1,1,0,1,0,0
Coast_Train_133.jpeg,1,1,1,1,0,1,0,0
Coast_Train_134.jpeg,1,1,1,1,0,1,0,1
Coast_Train_136.jpeg,1,1,1,1,0,1,0,0
Coast_Train_147.jpeg,0,1,1,1,0,1,0,1
Coast_Train_152.jpeg,0,1,1,0,0,1,0,0
Coast_Train_197.jpeg,1,1,1,0,0,1,0,0
Coast_Train_198.jpeg,1,1,1,0,0,1,0,0
Coast_Train_202.jpeg,1,1,1,1,0,1,0,0
Coast_Train_212.jpeg,1,1,1,0,0,0,1,0
Coast_Train_231.jpeg,1,1,1,0,1,0,0,0
Coast_Train_233.jpeg,1,1,1,1,1,0,0,0
Coast_Train_258.jpeg,1,1,1,0,1,0,0,0
Coast_Train_260.jpeg,1,1,1,1,0,1,0,0
Coast_Train_284.jpeg,0,1,1,0,0,1,0,0
Coast_Train_290.jpeg,1,1,1,0,1,0,0,0
Coast_Train_303.jpeg,1,1,1,1,0,1,0,0
Coast_Train_321.jpeg,1,1,1,1,1,0,0,0
Coast_Train_341.jpeg,1,1,1,1,1,0,0,0
Coast_Train_366.jpeg,1,1,1,0,1,0,0,0
Coast_Train_382.jpeg,1,1,1,1,1,0,0,0
Coast_Train_391.jpeg,0,1,1,1,1,0,0,0
Coast_Train_412.jpeg,1,1,1,1,0,1,0,0
Coast_Train_426.jpeg,1,1,1,0,1,0,0,0
Coast_Train_439.jpeg,1,1,1,0,1,0,0,0
Coast_Train_673.jpeg,1,1,1,1,0,1,0,0
Coast_Train_802.jpeg,1,1,1,0,1,0,0,0
Coast_Train_809.jpeg,1,1,1,0,1,0,0,0
Coast_Train_870.jpeg,1,1,1,1,0,1,0,0
Coast_Train_970.jpeg,1,1,1,1,1,0,0,0
Coast_Train_1213.jpeg,1,1,1,1,0,1,0,0
Coast_Train_1448.jpeg,1,1,1,1,1,0,0,0
Coast_Train_1837.jpeg,1,1,1,1,1,0,0,0
Desert_Train_35.jpeg,0,0,1,1,0,1,0,0
Desert_Train_41.jpeg,0,0,0,0,0,1,0,0
Desert_Train_45.jpeg,0,0,1,0,1,0,0,0
Desert_Train_52.jpeg,0,0,1,0,0,1,0,0
Desert_Train_63.jpeg,0,1,1,1,0,1,0,0
Desert_Train_71.jpeg,0,0,1,0,0,1,0,1
Desert_Train_86.jpeg,0,0,1,0,0,1,0,1
Desert_Train_92.jpeg,0,0,1,0,0,1,0,0
Desert_Train_93.jpeg,0,0,1,0,1,0,0,0
Desert_Train_106.jpeg,0,0,1,0,1,0,0,0
Desert_Train_108.jpeg,0,0,1,0,1,0,0,1
Desert_Train_112.jpeg,0,1,1,0,0,1,1,0
Desert_Train_123.jpeg,0,0,1,0,0,1,1,0
Desert_Train_147.jpeg,0,0,1,1,1,0,0,0
Desert_Train_151.jpeg,0,0,1,0,1,0,0,1
Desert_Train_180.jpeg,0,0,1,0,1,0,1,0
Desert_Train_201.jpeg,0,0,1,0,1,0,0,0
Desert_Train_224.jpeg,0,0,1,0,0,1,0,0
Desert_Train_225.jpeg,0,0,1,1,1,0,1,0
Desert_Train_231.jpeg,0,0,1,1,1,0,0,0
Desert_Train_279.jpeg,0,0,1,1,1,0,0,0
Desert_Train_286.jpeg,0,0,1,0,0,1,1,0
Desert_Train_295.jpeg,0,0,1,0,0,1,1,0
Desert_Train_299.jpeg,0,0,1,0,1,0,1,0
Desert_Train_486.jpeg,0,0,1,0,1,0,1,1
Desert_Train_497.jpeg,0,0,1,1,1,0,0,0
Desert_Train_105.jpeg,0,0,1,0,0,1,0,1
Forest_Train_5.jpeg,0,0,1,1,1,0,1,0
Forest_Train_9.jpeg,0,0,0,1,0,1,0,1
Forest_Train_11.jpeg,0,0,0,1,0,1,0,1
Forest_Train_55.jpeg,0,0,0,1,1,0,0,0
Forest_Train_70.jpeg,0,0,0,1,0,1,0,0
Forest_Train_234.jpeg,0,0,0,1,0,1,0,0
Forest_Train_451.jpeg,0,0,0,1,0,1,0,1
Forest_Train_462.jpeg,0,0,0,1,1,0,0,0
Forest_Train_475.jpeg,0,0,0,1,1,0,0,0
Forest_Train_476.jpeg,0,0,1,1,1,0,0,0
Forest_Train_480.jpeg,0,0,0,1,0,1,1,0
Glacier_Train_35.jpeg,0,1,1,0,0,1,0,0
Glacier_Train_75.jpeg,0,1,1,0,0,1,0,0
Glacier_Train_87.jpeg,0,1,1,0,0,1,0,0
Glacier_Train_103.jpeg,0,1,1,0,0,1,1,0
Glacier_Train_143.jpeg,0,1,1,0,0,1,0,0
Glacier_Train_154.jpeg,0,1,1,0,0,1,1,0
Glacier_Train_159.jpeg,0,1,1,1,0,1,0,0
Glacier_Train_162.jpeg,0,0,1,0,0,0,1,1
Glacier_Train_167.jpeg,0,0,1,0,0,0,1,1
Glacier_Train_169.jpeg,0,0,1,0,0,1,0,1
Glacier_Train_175.jpeg,0,0,1,0,0,1,0,1
Glacier_Train_179.jpeg,0,0,1,1,0,0,1,1
Coast_Train_15.jpeg,1,1,1,0,0,1,0,0
Coast_Train_16.jpeg,1,1,1,1,0,1,0,0
Coast_Train_46.jpeg,1,1,1,0,0,1,0,0
Coast_Train_56.jpeg,1,1,1,1,0,1,0,0
Coast_Train_58.jpeg,1,1,1,1,0,1,0,0
Coast_Train_62.jpeg,1,1,1,1,0,1,0,0
Coast_Train_79.jpeg,1,1,1,1,0,1,1,0
Coast_Train_82.jpeg,1,1,1,0,0,1,0,0
Coast_Train_83.jpeg,1,1,1,1,0,1,0,0
Coast_Train_84.jpeg,1,1,1,1,1,0,0,0
Coast_Train_113.jpeg,1,1,1,1,0,1,0,0
Coast_Train_126.jpeg,1,1,1,1,1,0,0,0
Coast_Train_135.jpeg,1,1,1,1,0,1,0,0
Coast_Train_137.jpeg,1,1,1,1,0,1,1,0
Coast_Train_139.jpeg,1,0,0,0,0,0,0,0
Coast_Train_141.jpeg,1,1,1,0,0,1,0,0
Coast_Train_142.jpeg,1,1,1,0,0,1,0,0
Coast_Train_184.jpeg,1,1,1,1,0,1,0,0
Coast_Train_185.jpeg,1,1,1,1,0,1,1,0
Coast_Train_187.jpeg,1,1,1,1,0,1,1,0
Coast_Train_190.jpeg,1,1,1,1,0,1,0,0
Coast_Train_191.jpeg,1,1,1,1,0,1,0,0
Coast_Train_192.jpeg,1,1,1,1,1,0,1,0
Coast_Train_203.jpeg,1,1,1,1,0,1,1,0
Coast_Train_204.jpeg,1,1,1,1,0,1,1,0
Coast_Train_208.jpeg,1,1,1,1,0,1,0,0
Coast_Train_236.jpeg,1,1,1,0,0,1,1,0
Coast_Train_245.jpeg,1,1,1,0,0,1,0,0
Coast_Train_246.jpeg,1,1,1,1,0,1,0,0
Coast_Train_264.jpeg,0,1,0,0,0,0,0,0
Coast_Train_280.jpeg,1,1,1,0,1,0,0,0
Coast_Train_281.jpeg,1,1,0,0,0,1,0,0
Coast_Train_286.jpeg,1,1,0,0,0,1,0,0
Coast_Train_287.jpeg,0,1,1,1,1,0,0,0
Coast_Train_288.jpeg,0,1,1,1,1,0,0,0
Coast_Train_289.jpeg,1,1,1,1,0,1,0,0
Coast_Train_291.jpeg,0,1,1,1,0,1,0,0
Coast_Train_293.jpeg,1,1,1,1,1,0,0,0
Coast_Train_294.jpeg,1,1,1,1,0,1,0,0
Coast_Train_295.jpeg,0,1,1,1,0,1,0,0
Coast_Train_316.jpeg,1,1,1,1,0,1,0,0
Coast_Train_318.jpeg,1,1,1,0,1,0,0,0
Coast_Train_319.jpeg,0,1,1,1,1,0,0,0
Coast_Train_320.jpeg,1,1,1,1,0,1,0,0
Coast_Train_322.jpeg,1,1,1,1,1,0,0,0
Coast_Train_323.jpeg,1,1,1,1,0,1,0,0
Coast_Train_324.jpeg,0,1,1,0,0,1,0,0
Coast_Train_325.jpeg,0,1,1,1,0,1,0,0
Coast_Train_326.jpeg,1,1,1,1,0,1,0,0
Coast_Train_329.jpeg,1,1,1,1,0,1,0,0
Desert_Train_77.jpeg,0,0,1,0,1,0,0,1
Desert_Train_37.jpeg,0,0,1,1,0,1,0,1
Desert_Train_39.jpeg,0,0,1,0,1,0,0,1
Desert_Train_42.jpeg,0,0,1,0,0,1,1,1
Desert_Train_49.jpeg,0,0,1,1,0,1,0,1
Desert_Train_61.jpeg,0,0,1,0,0,1,0,1
Desert_Train_68.jpeg,0,0,1,1,0,1,1,1
Desert_Train_75.jpeg,0,0,1,0,0,1,0,1
Desert_Train_76.jpeg,0,0,1,1,1,0,0,1
Desert_Train_84.jpeg,0,0,1,0,0,1,0,1
Desert_Train_85.jpeg,0,0,1,1,1,0,0,1
Desert_Train_94.jpeg,0,0,1,0,0,1,0,1
Desert_Train_95.jpeg,0,0,1,0,1,0,0,1
Desert_Train_97.jpeg,0,0,1,0,0,1,0,1
Desert_Train_98.jpeg,0,0,1,0,0,1,0,1
Desert_Train_116.jpeg,0,0,1,0,0,1,0,1
Desert_Train_118.jpeg,0,0,1,0,1,0,0,1
Desert_Train_125.jpeg,0,0,0,0,0,1,1,1
Desert_Train_127.jpeg,0,0,1,0,0,0,1,1
Desert_Train_128.jpeg,0,0,1,0,0,1,0,1
Desert_Train_130.jpeg,0,0,1,0,0,1,0,1
Desert_Train_132.jpeg,0,0,1,0,0,1,0,1
Desert_Train_136.jpeg,0,0,1,1,0,1,0,1
Desert_Train_140.jpeg,0,0,1,0,0,1,0,1
Desert_Train_142.jpeg,0,0,1,0,0,1,0,1
Desert_Train_145.jpeg,0,0,0,1,0,1,0,1
Desert_Train_146.jpeg,0,0,1,0,0,1,0,1
Desert_Train_149.jpeg,0,0,1,0,0,1,0,1
Desert_Train_153.jpeg,0,0,1,0,0,0,1,1
Desert_Train_154.jpeg,0,0,1,0,1,0,0,1
Desert_Train_155.jpeg,0,0,1,1,1,0,1,1
Desert_Train_156.jpeg,0,0,1,0,0,1,0,1
Desert_Train_157.jpeg,0,0,1,0,1,0,0,1
Desert_Train_161.jpeg,0,0,1,0,1,0,0,1
Desert_Train_163.jpeg,0,0,1,0,0,1,0,1
Forest_Train_191.jpeg,0,0,0,1,0,1,0,0
Forest_Train_192.jpeg,0,0,0,1,0,1,0,0
Forest_Train_194.jpeg,0,0,0,1,1,0,0,0
Forest_Train_195.jpeg,0,0,0,1,0,1,0,0
Forest_Train_197.jpeg,0,0,0,1,0,0,1,0
Forest_Train_198.jpeg,0,0,0,1,0,1,0,0
Forest_Train_199.jpeg,0,0,0,1,0,1,0,0
Forest_Train_200.jpeg,0,0,1,1,0,1,0,0
Forest_Train_201.jpeg,0,0,0,1,1,0,0,0
Forest_Train_203.jpeg,0,0,1,1,0,1,0,0
Forest_Train_204.jpeg,0,0,0,1,1,0,0,0
Forest_Train_206.jpeg,0,0,0,1,0,1,0,0
Forest_Train_207.jpeg,0,0,0,1,0,1,0,0
Forest_Train_208.jpeg,0,0,1,1,0,0,1,1
Forest_Train_209.jpeg,0,0,0,1,0,1,0,1
Coast_Train_26.jpeg,1,1,1,0,1,0,0,0
Coast_Train_29.jpeg,1,1,1,1,0,1,0,0
Coast_Train_33.jpeg,1,1,1,1,0,1,0,0
Coast_Train_36.jpeg,1,1,1,1,0,1,0,0
Coast_Train_48.jpeg,1,1,1,1,0,1,0,0
Coast_Train_93.jpeg,1,1,1,1,0,1,0,0
Coast_Train_96.jpeg,1,1,1,1,0,1,0,0
Coast_Train_99.jpeg,1,1,1,1,0,1,0,0
Coast_Train_109.jpeg,1,1,1,0,1,0,1,0
Coast_Train_117.jpeg,1,1,1,1,1,0,0,0
Coast_Train_143.jpeg,1,1,1,1,0,0,0,0
Coast_Train_150.jpeg,1,1,1,1,0,1,0,0
Coast_Train_153.jpeg,1,1,1,1,1,0,0,0
Coast_Train_155.jpeg,1,1,1,1,1,0,0,0
Coast_Train_156.jpeg,1,1,1,0,1,0,0,0
Coast_Train_167.jpeg,1,1,1,1,0,1,0,0
Coast_Train_168.jpeg,1,1,1,1,0,1,0,0
Coast_Train_172.jpeg,1,1,1,1,0,1,0,0
Coast_Train_176.jpeg,1,1,1,1,0,0,1,0
Coast_Train_188.jpeg,1,1,1,0,1,0,0,0
Coast_Train_189.jpeg,1,1,1,1,0,1,0,0
Coast_Train_196.jpeg,1,1,1,1,0,1,0,0
Coast_Train_199.jpeg,1,1,1,0,0,1,0,0
Coast_Train_238.jpeg,1,1,1,1,0,1,0,0
Coast_Train_239.jpeg,1,1,1,1,0,1,0,0
Coast_Train_240.jpeg,1,1,1,0,1,0,1,0
Coast_Train_242.jpeg,1,1,1,1,1,0,0,0
Coast_Train_243.jpeg,1,1,1,1,1,0,1,0
Coast_Train_248.jpeg,1,1,1,1,0,1,0,0
Coast_Train_249.jpeg,0,1,0,0,0,1,0,0
Coast_Train_253.jpeg,1,1,1,0,0,1,0,0
Coast_Train_254.jpeg,1,1,1,0,1,0,0,0
Coast_Train_255.jpeg,1,1,1,1,0,1,0,0
Coast_Train_257.jpeg,1,1,1,0,0,1,0,0
Coast_Train_261.jpeg,1,1,1,0,0,0,1,0
Coast_Train_263.jpeg,1,1,1,1,0,1,0,0
Coast_Train_265.jpeg,1,1,1,0,1,0,0,0
Coast_Train_268.jpeg,1,1,1,0,0,1,0,0
Coast_Train_269.jpeg,1,1,1,0,0,1,0,0
Coast_Train_270.jpeg,1,1,1,0,0,1,0,0
Coast_Train_272.jpeg,1,1,1,0,1,0,0,0
Coast_Train_273.jpeg,1,1,1,0,1,0,0,0
Coast_Train_275.jpeg,1,1,1,0,1,0,0,0
Coast_Train_351.jpeg,0,1,1,1,0,1,0,0
Coast_Train_352.jpeg,0,1,1,1,1,0,0,0
Coast_Train_353.jpeg,1,1,1,0,1,0,0,0
Coast_Train_356.jpeg,1,1,1,1,0,1,0,0
Coast_Train_359.jpeg,1,1,1,1,0,1,0,0
Coast_Train_360.jpeg,1,1,1,1,0,1,0,0
Coast_Train_361.jpeg,1,1,1,1,0,1,0,0
Desert_Train_99.jpeg,0,0,0,0,0,0,0,1
Desert_Train_100.jpeg,0,0,0,0,0,0,0,1
Desert_Train_101.jpeg,0,0,0,0,0,0,0,1
Desert_Train_103.jpeg,0,0,0,0,0,0,0,1
Desert_Train_107.jpeg,0,0,1,0,0,1,0,0
Desert_Train_168.jpeg,0,0,0,1,0,0,0,0
Desert_Train_170.jpeg,0,0,1,0,0,1,0,0
Desert_Train_171.jpeg,1,1,1,1,0,0,1,0
Desert_Train_174.jpeg,0,0,1,0,0,0,1,0
Desert_Train_175.jpeg,0,0,1,0,1,0,0,0
Desert_Train_177.jpeg,0,0,1,0,0,0,1,0
Desert_Train_178.jpeg,0,0,1,1,1,0,1,0
Desert_Train_183.jpeg,0,0,1,0,1,0,0,0
Desert_Train_184.jpeg,0,0,0,0,0,0,0,1
Desert_Train_300.jpeg,0,0,1,0,0,0,0,0
Desert_Train_301.jpeg,0,0,1,0,1,0,0,0
Desert_Train_302.jpeg,0,0,1,0,1,0,0,0
Desert_Train_303.jpeg,0,0,1,0,1,0,1,0
Desert_Train_304.jpeg,0,0,1,0,1,0,0,0
Desert_Train_305.jpeg,0,0,1,0,0,1,0,0
Desert_Train_306.jpeg,0,0,1,0,1,0,1,0
Desert_Train_307.jpeg,0,0,1,0,1,0,1,0
Desert_Train_308.jpeg,0,0,1,0,1,0,0,0
Desert_Train_309.jpeg,0,0,1,0,1,0,0,0
Desert_Train_310.jpeg,0,0,1,0,1,0,0,0
Desert_Train_311.jpeg,0,0,1,0,1,0,0,0
Desert_Train_313.jpeg,0,0,1,1,1,0,0,0
Desert_Train_314.jpeg,0,0,1,1,0,0,1,0
Desert_Train_315.jpeg,0,0,1,0,1,0,1,0
Desert_Train_167.jpeg,0,0,1,0,0,1,1,0
Forest_Train_228.jpeg,0,0,0,1,0,1,0,0
Forest_Train_229.jpeg,0,0,0,1,0,1,0,0
Forest_Train_230.jpeg,0,0,0,1,0,1,0,0
Forest_Train_232.jpeg,0,0,1,1,0,1,0,0
Forest_Train_233.jpeg,0,0,0,1,0,1,0,0
Forest_Train_235.jpeg,0,0,0,1,0,1,0,0
Forest_Train_236.jpeg,0,0,1,1,0,1,0,0
Forest_Train_237.jpeg,0,0,1,1,0,1,0,0
Forest_Train_238.jpeg,0,0,0,1,0,1,0,0
Forest_Train_239.jpeg,0,0,1,1,0,1,0,0
Forest_Train_243.jpeg,0,0,1,1,0,1,1,0
Forest_Train_244.jpeg,0,0,1,1,0,1,0,0
Forest_Train_246.jpeg,0,0,1,1,0,1,0,0
Forest_Train_248.jpeg,0,0,0,1,0,1,0,0
Forest_Train_249.jpeg,0,0,1,1,0,1,0,0
Forest_Train_252.jpeg,0,0,0,1,0,1,0,0
Forest_Train_255.jpeg,0,0,0,1,0,1,0,0
Forest_Train_256.jpeg,0,0,0,1,0,1,0,0
Forest_Train_257.jpeg,0,0,0,1,0,1,0,0
Forest_Train_259.jpeg,0,0,0,1,0,1,0,1
Coast_Train_178.jpeg,1,1,1,1,0,1,0,0
Coast_Train_210.jpeg,1,1,1,0,0,1,0,0
Coast_Train_211.jpeg,1,1,1,1,0,1,0,0
Coast_Train_213.jpeg,1,1,1,0,0,1,0,0
Coast_Train_215.jpeg,1,1,1,0,1,0,0,0
Coast_Train_216.jpeg,1,1,1,0,0,1,0,0
Coast_Train_217.jpeg,1,1,1,0,0,1,0,0
Coast_Train_218.jpeg,1,1,1,1,1,0,0,0
Coast_Train_222.jpeg,1,1,1,0,1,0,0,0
Coast_Train_229.jpeg,1,0,0,0,0,0,0,0
Coast_Train_230.jpeg,1,1,1,1,0,0,1,0
Coast_Train_235.jpeg,1,1,1,0,0,0,1,0
Coast_Train_448.jpeg,1,1,1,1,0,0,1,0
Coast_Train_449.jpeg,1,1,1,1,1,0,0,0
Coast_Train_451.jpeg,1,1,1,1,1,0,0,0
Coast_Train_452.jpeg,1,1,1,1,0,1,0,0
Coast_Train_453.jpeg,1,1,1,1,0,1,0,0
Coast_Train_455.jpeg,1,1,1,1,0,1,0,0
Coast_Train_457.jpeg,1,1,1,1,0,0,1,0
Coast_Train_458.jpeg,1,1,1,0,1,0,0,0
Coast_Train_460.jpeg,0,1,1,0,1,0,0,0
Coast_Train_461.jpeg,0,1,1,0,1,0,0,0
Coast_Train_867.jpeg,1,1,1,0,0,1,0,0
Coast_Train_868.jpeg,1,1,1,0,1,0,0,0
Coast_Train_869.jpeg,0,1,1,1,0,1,0,0
Coast_Train_871.jpeg,1,1,1,0,0,1,0,0
Coast_Train_872.jpeg,1,1,1,0,0,1,0,0
Coast_Train_873.jpeg,1,1,1,1,0,1,0,0
Coast_Train_874.jpeg,1,1,1,1,0,1,0,0
Coast_Train_875.jpeg,1,1,1,1,0,1,0,0
Coast_Train_876.jpeg,1,1,1,1,0,1,0,0
Coast_Train_877.jpeg,1,1,1,1,0,1,0,0
Coast_Train_878.jpeg,1,1,1,1,1,0,0,0
Coast_Train_879.jpeg,1,1,1,1,0,1,0,0
Coast_Train_880.jpeg,1,1,1,1,1,0,0,0
Coast_Train_881.jpeg,1,1,1,0,0,1,0,0
Coast_Train_883.jpeg,1,1,1,1,0,1,0,0
Coast_Train_1179.jpeg,1,1,1,1,0,1,0,0
Coast_Train_1180.jpeg,1,1,1,0,0,1,0,0
Coast_Train_1182.jpeg,1,1,1,1,0,1,0,0
Coast_Train_1183.jpeg,1,1,1,1,0,1,0,1
Coast_Train_1184.jpeg,1,1,1,1,0,1,0,0
Coast_Train_1185.jpeg,1,1,1,1,0,1,0,0
Coast_Train_1187.jpeg,1,1,1,1,0,1,0,1
Coast_Train_1189.jpeg,1,1,1,1,1,0,0,0
Coast_Train_1191.jpeg,1,1,1,1,0,1,0,0
Coast_Train_1192.jpeg,1,1,1,1,0,1,0,0
Coast_Train_1194.jpeg,1,1,1,1,0,1,1,0
Coast_Train_1196.jpeg,1,1,1,1,0,1,1,0
Coast_Train_1197.jpeg,1,1,1,1,1,0,0,0
Desert_Train_188.jpeg,0,0,0,0,0,0,0,1
Desert_Train_189.jpeg,0,0,1,1,1,0,0,0
Desert_Train_190.jpeg,0,0,1,0,0,1,0,0
Desert_Train_191.jpeg,0,0,0,0,1,0,0,0
Desert_Train_192.jpeg,1,0,0,0,1,0,0,0
Desert_Train_193.jpeg,0,0,1,1,0,1,0,0
Desert_Train_194.jpeg,0,0,1,0,1,0,0,0
Desert_Train_195.jpeg,0,0,1,0,0,1,0,0
Desert_Train_197.jpeg,1,0,0,0,0,1,0,0
Desert_Train_198.jpeg,0,0,1,0,0,1,0,0
Desert_Train_199.jpeg,1,0,0,0,0,1,0,0
Desert_Train_200.jpeg,0,0,1,0,0,1,0,0
Desert_Train_203.jpeg,0,0,1,1,0,1,0,0
Desert_Train_204.jpeg,0,0,1,1,1,0,0,0
Desert_Train_205.jpeg,0,0,1,0,0,1,0,0
Forest_Train_84.jpeg,0,0,0,1,0,1,0,0
Forest_Train_87.jpeg,0,0,0,1,0,1,0,0
Forest_Train_88.jpeg,0,0,1,1,0,1,0,0
Forest_Train_90.jpeg,0,0,1,1,0,1,0,0
Forest_Train_93.jpeg,0,0,0,1,0,1,0,0
Forest_Train_96.jpeg,0,0,0,1,1,0,0,0
Forest_Train_98.jpeg,0,0,0,1,0,1,0,0
Forest_Train_100.jpeg,0,0,0,1,0,1,0,0
Forest_Train_101.jpeg,0,0,0,1,0,1,0,0
Forest_Train_102.jpeg,0,0,0,1,0,1,0,0
Forest_Train_103.jpeg,0,0,1,1,0,1,0,0
Forest_Train_104.jpeg,0,0,1,0,0,0,1,1
Forest_Train_105.jpeg,0,0,1,1,0,1,0,0
Forest_Train_106.jpeg,0,0,1,1,0,1,1,0
Forest_Train_108.jpeg,0,0,1,1,0,0,1,0
Glacier_Train_104.jpeg,0,0,1,0,0,0,1,1
Glacier_Train_105.jpeg,0,1,1,1,0,1,1,0
Glacier_Train_106.jpeg,0,0,1,1,0,1,1,0
Glacier_Train_108.jpeg,0,1,1,0,0,1,1,0
Glacier_Train_111.jpeg,0,0,1,0,0,1,0,0
Glacier_Train_112.jpeg,0,1,1,1,0,1,0,0
Glacier_Train_113.jpeg,0,0,1,0,0,1,0,0
Glacier_Train_114.jpeg,0,1,1,0,0,1,0,0
Glacier_Train_117.jpeg,0,0,0,0,0,1,0,0
Glacier_Train_118.jpeg,0,0,1,1,0,1,0,0
Glacier_Train_120.jpeg,0,0,0,0,0,1,0,0
Glacier_Train_121.jpeg,0,1,1,0,0,1,0,0
Glacier_Train_123.jpeg,0,1,1,1,0,0,1,0
Glacier_Train_124.jpeg,0,0,1,0,0,0,1,0
Glacier_Train_125.jpeg,0,1,1,0,0,1,0,0
Glacier_Train_127.jpeg,0,1,1,1,0,1,0,0
Glacier_Train_128.jpeg,0,1,1,0,0,1,0,0
Glacier_Train_129.jpeg,0,0,1,1,0,1,0,0
Glacier_Train_130.jpeg,0,1,1,1,0,1,0,0
Glacier_Train_131.jpeg,0,0,1,0,0,0,1,0
Desert_Train_217.jpeg,0,0,0,1,0,0,1,1
Desert_Train_220.jpeg,0,0,1,0,1,0,0,1
Desert_Train_221.jpeg,0,0,1,0,1,0,0,1
Desert_Train_223 .jpeg,0,0,1,0,1,0,0,1
Desert_Train_227.jpeg,0,0,1,0,1,0,0,1
Desert_Train_228.jpeg,0,0,1,0,1,0,0,1
Desert_Train_230.jpeg,0,0,1,0,0,1,0,1
Desert_Train_233.jpeg,0,0,1,0,1,0,0,1
Desert_Train_236.jpeg,0,0,1,0,0,0,1,1
Desert_Train_237.jpeg,0,0,1,0,0,1,1,1
Desert_Train_238.jpeg,0,0,1,0,1,0,0,1
Desert_Train_239.jpeg,0,0,1,0,1,0,0,1
Desert_Train_244.jpeg,0,0,1,0,1,0,0,1
Desert_Train_245.jpeg,0,0,1,1,0,1,0,1
Desert_Train_246.jpeg,0,0,1,0,1,0,0,1
Forest_Train_177.jpeg,0,0,0,1,1,0,0,0
Forest_Train_178.jpeg,0,0,0,1,0,0,1,0
Forest_Train_180.jpeg,0,0,0,1,1,0,0,0
Forest_Train_181.jpeg,0,0,0,1,1,0,0,0
Forest_Train_182.jpeg,0,0,0,1,0,1,0,0
Forest_Train_184.jpeg,0,0,0,1,1,0,0,0
Forest_Train_185.jpeg,0,1,0,1,1,0,0,0
Forest_Train_186.jpeg,0,1,0,1,1,0,1,0
Forest_Train_188.jpeg,0,1,1,1,0,1,0,0
Forest_Train_190.jpeg,0,0,0,1,0,0,1,0
Forest_Train_210.jpeg,0,1,1,1,0,1,0,0
Forest_Train_211.jpeg,0,0,1,1,0,1,0,1
Forest_Train_212.jpeg,0,1,1,1,0,1,0,0
Forest_Train_213.jpeg,0,1,0,1,0,0,0,0
Forest_Train_214.jpeg,0,0,1,1,0,1,0,1
Forest_Train_215.jpeg,0,1,0,1,1,0,0,0
Forest_Train_216.jpeg,0,0,0,1,1,0,0,0
Forest_Train_218.jpeg,0,0,1,1,0,1,0,0
Forest_Train_220.jpeg,0,0,0,1,0,1,0,1
Forest_Train_221.jpeg,0,1,1,1,1,0,0,0
Glacier_Train_137.jpeg,0,0,1,0,0,0,1,0
Glacier_Train_138.jpeg,0,1,1,0,0,1,0,0
Glacier_Train_139.jpeg,0,1,1,0,0,1,0,0
Glacier_Train_140.jpeg,0,1,1,0,0,0,1,0
Glacier_Train_142.jpeg,0,0,1,0,0,0,1,0
Glacier_Train_144.jpeg,0,1,1,1,0,0,1,1
Glacier_Train_146.jpeg,0,1,1,0,0,1,0,0
Glacier_Train_147.jpeg,0,0,1,0,0,0,1,1
Glacier_Train_148.jpeg,0,0,0,0,0,0,1,1
Glacier_Train_149.jpeg,0,1,1,1,0,1,0,0
Glacier_Train_150.jpeg,0,0,1,0,0,0,1,0
Glacier_Train_151.jpeg,0,1,1,0,0,1,0,1
Glacier_Train_152.jpeg,0,0,1,0,0,0,1,1
Glacier_Train_155.jpeg,0,1,1,0,0,1,0,0
Glacier_Train_156.jpeg,0,1,1,0,0,1,0,1
Desert_Train_209.jpeg,0,0,1,0,0,1,0,1
Desert_Train_210.jpeg,0,0,0,0,1,0,0,1
Desert_Train_211.jpeg,0,0,1,1,1,0,0,1
Desert_Train_213.jpeg,0,0,1,1,0,1,0,1
Desert_Train_216.jpeg,0,0,1,0,0,1,0,1
Desert_Train_247.jpeg,0,0,1,0,0,1,0,1
Desert_Train_248.jpeg,0,0,1,1,1,0,0,1
Desert_Train_250.jpeg,0,0,1,0,0,1,0,1
Desert_Train_252.jpeg,0,0,1,0,0,1,0,1
Desert_Train_253.jpeg,0,0,1,1,0,1,0,1
Desert_Train_255.jpeg,0,0,1,0,1,0,0,1
Desert_Train_256.jpeg,0,0,1,0,1,0,0,1
Desert_Train_257.jpeg,0,0,1,0,0,1,0,1
Desert_Train_259.jpeg,0,0,1,0,0,0,0,1
Desert_Train_262.jpeg,0,0,1,1,1,0,0,1
Forest_Train_222.jpeg,0,0,0,1,0,1,0,1
Forest_Train_223.jpeg,0,0,1,1,0,1,0,1
Forest_Train_225.jpeg,0,0,1,1,0,1,0,1
Forest_Train_226.jpeg,0,0,1,1,0,1,0,1
Forest_Train_227.jpeg,0,0,1,1,0,0,1,1
Forest_Train_262.jpeg,0,0,1,1,1,0,0,1
Forest_Train_264.jpeg,0,0,1,1,0,1,0,1
Forest_Train_265.jpeg,0,0,1,1,0,1,0,1
Forest_Train_266.jpeg,0,0,1,1,1,0,0,1
Forest_Train_267.jpeg,0,0,1,1,0,1,0,1
Forest_Train_268.jpeg,0,0,1,1,0,1,0,1
Forest_Train_269.jpeg,0,0,1,1,0,1,0,1
Forest_Train_270.jpeg,0,0,1,1,0,1,0,1
Forest_Train_271.jpeg,0,0,1,1,1,0,0,1
Forest_Train_273.jpeg,0,0,1,1,0,1,0,1
Glacier_Train_264.jpeg,0,0,1,1,0,1,0,1
Glacier_Train_265.jpeg,0,0,1,1,0,1,0,1
Glacier_Train_267.jpeg,0,0,1,1,0,1,0,1
Glacier_Train_271.jpeg,0,0,1,1,1,0,0,1
Glacier_Train_273.jpeg,0,1,1,1,0,0,1,1
Glacier_Train_275.jpeg,0,0,1,0,0,1,0,1
Glacier_Train_277.jpeg,0,1,1,0,0,0,1,1
Glacier_Train_279.jpeg,0,0,1,0,0,1,0,1
Glacier_Train_280.jpeg,0,0,1,0,0,1,0,1
Glacier_Train_281.jpeg,0,1,1,1,0,0,1,1
Glacier_Train_283.jpeg,0,0,1,1,1,0,1,0
Glacier_Train_284.jpeg,0,1,1,1,1,0,0,1
Glacier_Train_286.jpeg,0,0,1,0,1,0,0,1
Glacier_Train_288.jpeg,0,1,1,0,1,0,1,0
Glacier_Train_294.jpeg,0,1,1,1,1,0,1,0
Glacier_Train_295.jpeg,0,1,1,0,1,0,0,1
Glacier_Train_297.jpeg,0,1,1,0,1,0,1,0
Glacier_Train_300.jpeg,0,1,1,0,1,0,1,0
Glacier_Train_303.jpeg,0,0,1,1,0,0,1,1
Glacier_Train_304.jpeg,0,0,0,0,0,0,1,1
Desert_Train_263.jpeg,0,0,1,0,1,0,0,1
Desert_Train_265.jpeg,0,0,1,0,1,0,0,1
Desert_Train_268.jpeg,0,1,1,1,1,0,0,0
Desert_Train_269.jpeg,0,0,1,0,1,0,0,1
Desert_Train_270.jpeg,0,0,1,1,1,0,0,1
Desert_Train_271.jpeg,0,0,1,0,0,1,0,1
Desert_Train_273.jpeg,0,0,1,0,0,1,0,1
Desert_Train_274.jpeg,0,1,1,1,0,1,0,0
Desert_Train_275.jpeg,0,0,1,1,0,1,0,1
Desert_Train_276.jpeg,0,0,1,0,1,0,0,1
Desert_Train_277.jpeg,0,0,1,0,0,1,0,1
Desert_Train_278.jpeg,0,0,1,0,0,0,0,1
Desert_Train_280.jpeg,0,0,1,0,1,0,1,1
Desert_Train_281.jpeg,0,1,1,1,0,1,0,0
Desert_Train_282.jpeg,0,0,1,0,0,1,0,1
Forest_Train_161.jpeg,0,0,0,1,1,0,0,0
Forest_Train_166.jpeg,0,0,0,1,0,0,1,0
Forest_Train_167.jpeg,0,1,1,1,0,1,1,0
Forest_Train_168.jpeg,0,0,0,1,0,1,0,0
Forest_Train_169.jpeg,0,0,0,1,1,0,0,0
Forest_Train_171.jpeg,0,0,0,1,0,0,1,0
Forest_Train_172.jpeg,0,0,0,1,1,0,0,0
Forest_Train_173.jpeg,0,0,0,1,1,0,0,0
Forest_Train_174.jpeg,0,0,0,1,1,0,0,0
Forest_Train_175.jpeg,0,0,0,1,0,1,1,0
Forest_Train_176.jpeg,0,0,1,1,0,1,1,0
Forest_Train_274.jpeg,0,1,1,1,0,1,0,0
Forest_Train_275.jpeg,0,0,1,1,1,0,0,0
Forest_Train_278.jpeg,0,0,1,1,1,0,0,0
Forest_Train_279.jpeg,0,0,0,1,1,0,0,0
Forest_Train_280.jpeg,0,0,1,1,1,0,1,0
Forest_Train_281.jpeg,0,0,0,1,0,1,1,0
Forest_Train_283.jpeg,0,0,1,1,1,0,0,0
Forest_Train_285.jpeg,0,0,0,1,0,1,0,0
Forest_Train_286.jpeg,0,0,0,1,1,0,0,0
Forest_Train_288.jpeg,0,0,0,1,0,1,0,0
Glacier_Train_209.jpeg,0,1,1,1,0,1,0,0
Glacier_Train_210.jpeg,0,0,1,0,0,1,0,0
Glacier_Train_211.jpeg,0,0,1,0,0,1,0,0
Glacier_Train_213.jpeg,0,1,1,1,0,1,0,0
Glacier_Train_215.jpeg,0,1,1,0,0,1,1,0
Glacier_Train_216.jpeg,0,0,1,0,0,1,0,0
Glacier_Train_217.jpeg,0,1,1,1,0,1,0,0
Glacier_Train_219.jpeg,0,1,1,0,0,1,0,0
Glacier_Train_221.jpeg,0,1,1,1,0,1,1,0
Glacier_Train_229.jpeg,0,0,0,0,0,1,0,0
Glacier_Train_230.jpeg,0,1,1,1,0,1,0,0
Glacier_Train_236.jpeg,0,0,1,0,0,1,1,0
Glacier_Train_237.jpeg,0,1,1,0,0,1,1,0
Glacier_Train_242.jpeg,0,1,1,0,0,1,0,0
Coast_Train_214.jpeg,1,1,1,1,0,1,0,0
Coast_Train_219.jpeg,1,1,1,0,1,0,0,0
Coast_Train_277.jpeg,1,1,1,1,0,0,0,0
Coast_Train_278.jpeg,0,1,1,0,0,1,0,0
Coast_Train_298.jpeg,0,1,1,0,0,1,0,0
Coast_Train_299.jpeg,1,1,1,1,0,1,0,0
Coast_Train_301.jpeg,1,1,1,1,0,1,0,0
Coast_Train_302.jpeg,0,1,1,1,0,0,1,0
Coast_Train_305.jpeg,1,1,1,0,1,0,0,0
Coast_Train_306.jpeg,0,1,1,1,1,0,0,0
Coast_Train_307.jpeg,0,1,1,0,1,0,0,0
Coast_Train_308.jpeg,0,1,1,1,0,1,0,0
Coast_Train_405.jpeg,1,1,1,0,0,1,0,0
Coast_Train_406.jpeg,0,1,1,0,0,0,1,0
Coast_Train_407.jpeg,0,1,1,1,0,1,0,0
Coast_Train_409.jpeg,1,1,1,1,0,1,0,0
Coast_Train_410.jpeg,0,1,1,1,0,1,0,0
Coast_Train_411.jpeg,1,1,1,1,0,1,0,0
Coast_Train_413.jpeg,1,1,1,1,0,1,0,0
Coast_Train_414.jpeg,1,1,1,1,0,1,0,0
Coast_Train_417.jpeg,1,1,1,1,0,1,0,0
Coast_Train_418.jpeg,1,1,1,1,0,1,0,0
Coast_Train_419.jpeg,1,1,1,1,1,0,0,0
Coast_Train_420.jpeg,0,1,1,1,0,0,1,0
Coast_Train_423.jpeg,1,1,1,1,1,0,0,0
Coast_Train_424.jpeg,1,1,1,1,0,1,0,0
Coast_Train_427.jpeg,1,1,1,0,1,0,0,0
Coast_Train_493.jpeg,1,1,1,1,0,1,0,0
Coast_Train_495.jpeg,1,1,1,0,1,0,0,0
Coast_Train_497.jpeg,0,1,1,1,0,1,0,0
Coast_Train_500.jpeg,0,1,1,1,1,0,0,0
Coast_Train_501.jpeg,0,1,1,1,0,0,1,0
Coast_Train_503.jpeg,1,1,1,1,0,1,0,0
Coast_Train_504.jpeg,1,1,1,1,0,0,1,0
Coast_Train_505.jpeg,1,1,1,0,1,0,0,0
Coast_Train_506.jpeg,0,1,1,1,0,1,0,0
Coast_Train_507.jpeg,1,1,1,1,0,1,0,0
Coast_Train_508.jpeg,1,1,1,0,0,0,1,0
Coast_Train_509.jpeg,0,1,1,1,0,1,0,0
Coast_Train_510.jpeg,0,1,1,1,0,1,0,0
Coast_Train_511.jpeg,1,1,1,0,0,0,1,0
Coast_Train_512.jpeg,1,1,1,1,0,1,0,0
Coast_Train_515.jpeg,1,1,1,1,1,0,0,0
Coast_Train_516.jpeg,1,1,1,1,0,0,1,0
Coast_Train_517.jpeg,1,1,1,1,0,1,0,0
Coast_Train_518.jpeg,1,1,1,1,0,0,1,0
Coast_Train_520.jpeg,0,1,1,1,0,1,0,0
Coast_Train_713.jpeg,1,1,1,1,0,1,0,0
Coast_Train_714.jpeg,0,1,1,1,0,1,0,0
Coast_Train_715.jpeg,1,1,1,0,1,0,0,0
Desert_Train_283.jpeg,0,0,1,0,1,0,0,1
Desert_Train_287.jpeg,0,0,1,0,1,0,0,1
Desert_Train_288.jpeg,0,0,1,0,0,1,1,1
Desert_Train_291.jpeg,0,0,1,1,0,1,1,1
Desert_Train_292.jpeg,0,0,1,1,0,0,1,1
Desert_Train_293.jpeg,0,0,1,0,1,0,0,1
Desert_Train_294.jpeg,0,0,1,0,0,0,0,1
Desert_Train_296.jpeg,0,0,1,0,0,1,0,1
Desert_Train_297.jpeg,0,0,1,0,1,0,0,1
Desert_Train_298.jpeg,0,0,1,1,1,0,0,1
Desert_Train_316.jpeg,0,0,1,1,0,1,0,1
Desert_Train_317.jpeg,0,0,1,0,0,1,0,1
Desert_Train_318.jpeg,0,0,1,0,0,1,0,1
Desert_Train_319.jpeg,0,0,1,1,1,0,1,1
Desert_Train_320.jpeg,0,0,1,0,1,0,1,1
Forest_Train_146.jpeg,0,1,0,1,0,0,1,1
Forest_Train_147.jpeg,0,0,0,1,0,1,0,1
Forest_Train_150.jpeg,0,0,0,1,0,0,1,1
Forest_Train_151.jpeg,0,0,0,1,0,1,0,1
Forest_Train_156.jpeg,0,0,1,1,0,1,0,1
Forest_Train_157.jpeg,0,0,0,1,1,0,0,1
Forest_Train_158.jpeg,0,0,0,1,0,0,1,1
Forest_Train_160.jpeg,0,0,0,1,0,0,1,1
Forest_Train_161.jpeg,0,0,0,1,1,0,0,1
Forest_Train_162.jpeg,0,1,1,1,0,1,0,1
Forest_Train_163.jpeg,0,0,0,1,0,0,1,1
Forest_Train_164.jpeg,0,0,0,1,0,0,1,1
Forest_Train_289.jpeg,0,0,0,1,1,0,0,1
Forest_Train_290.jpeg,0,0,0,1,1,0,0,1
Forest_Train_291.jpeg,0,0,0,1,1,0,0,1
Forest_Train_292.jpeg,0,0,0,1,1,0,0,1
Forest_Train_293.jpeg,0,1,1,1,0,1,0,1
Forest_Train_294.jpeg,0,0,0,1,1,0,0,1
Glacier_Train_25.jpeg,0,1,1,0,0,1,0,1
Glacier_Train_27.jpeg,0,1,1,1,0,1,0,1
Glacier_Train_34.jpeg,0,1,1,0,0,1,0,1
Glacier_Train_36.jpeg,0,1,1,0,0,1,0,1
Glacier_Train_44.jpeg,0,1,1,0,0,1,0,1
Glacier_Train_53.jpeg,0,1,1,1,0,1,1,1
Glacier_Train_54.jpeg,0,1,1,0,0,1,0,1
Glacier_Train_56.jpeg,0,1,1,1,0,1,0,1
Glacier_Train_57.jpeg,0,1,1,1,0,1,0,1
Glacier_Train_58.jpeg,0,1,1,0,0,0,1,1
Glacier_Train_59.jpeg,0,1,1,1,0,1,0,1
Glacier_Train_60.jpeg,0,1,1,1,0,1,1,1
Glacier_Train_61.jpeg,0,1,1,0,0,0,1,1
Glacier_Train_62.jpeg,0,1,1,0,0,0,1,1
Glacier_Train_63.jpeg,0,1,1,1,0,1,1,1
Glacier_Train_64.jpeg,0,0,0,0,0,1,0,1
Coast_Train_706.jpeg,1,1,1,0,0,1,0,0
Coast_Train_707.jpeg,1,1,1,0,1,0,0,0
Coast_Train_708.jpeg,0,1,1,0,1,0,0,0
Coast_Train_711.jpeg,1,1,1,1,0,0,1,0
Coast_Train_712.jpeg,1,1,1,1,0,1,0,0
Coast_Train_719.jpeg,1,1,1,1,1,0,1,0
Coast_Train_722.jpeg,1,1,1,1,1,0,0,0
Coast_Train_723.jpeg,1,1,1,1,0,1,0,0
Coast_Train_724.jpeg,0,1,1,1,1,0,0,0
Coast_Train_725.jpeg,1,1,1,1,1,0,0,0
Coast_Train_726.jpeg,1,1,1,0,1,0,0,0
Coast_Train_728.jpeg,1,1,1,0,1,0,1,0
Coast_Train_729.jpeg,1,1,1,0,1,0,1,0
Coast_Train_731.jpeg,1,1,1,1,0,0,1,0
Coast_Train_732.jpeg,0,1,1,1,0,0,0,0
Coast_Train_734.jpeg,0,1,1,1,1,0,0,0
Coast_Train_736.jpeg,0,1,1,1,0,0,1,0
Coast_Train_739.jpeg,0,1,1,1,0,0,1,0
Coast_Train_741.jpeg,0,1,1,1,0,1,0,0
Coast_Train_743.jpeg,0,1,1,1,0,1,0,0
Coast_Train_860.jpeg,1,1,1,0,0,1,0,0
Coast_Train_862.jpeg,1,1,1,0,0,1,1,0
Coast_Train_864.jpeg,1,1,1,1,0,1,0,0
Coast_Train_865.jpeg,1,1,1,0,1,0,0,0
Coast_Train_866.jpeg,1,1,1,1,0,1,0,0
Coast_Train_884.jpeg,0,1,1,1,0,1,0,0
Coast_Train_886.jpeg,1,1,1,0,0,1,0,0
Coast_Train_887.jpeg,1,1,1,1,0,1,0,0
Coast_Train_889.jpeg,1,1,1,1,0,1,1,0
Coast_Train_890.jpeg,1,1,1,1,0,1,0,0
Coast_Train_891.jpeg,1,1,1,1,0,1,0,0
Coast_Train_892.jpeg,1,1,1,0,0,1,0,0
Coast_Train_893.jpeg,1,1,1,0,1,0,0,0
Coast_Train_894.jpeg,0,1,1,1,1,0,0,0
Coast_Train_895.jpeg,0,1,1,0,0,1,0,0
Coast_Train_896.jpeg,1,1,1,0,0,1,0,0
Coast_Train_897.jpeg,1,1,1,0,0,1,1,0
Coast_Train_898.jpeg,1,1,1,1,0,1,0,0
Coast_Train_900.jpeg,1,1,1,1,0,1,0,0
Coast_Train_901.jpeg,1,1,1,0,0,1,0,0
Coast_Train_1097.jpeg,0,1,1,1,0,1,1,0
Coast_Train_1099.jpeg,0,0,1,0,1,0,1,0
Coast_Train_1101.jpeg,1,1,1,1,0,1,0,0
Coast_Train_1103.jpeg,1,1,1,1,0,1,0,0
Coast_Train_1104.jpeg,1,1,1,1,0,1,1,0
Coast_Train_1105.jpeg,1,1,1,1,1,0,1,0
Coast_Train_1107.jpeg,1,1,1,0,1,0,1,0
Coast_Train_1108.jpeg,1,1,1,1,0,1,0,0
Coast_Train_1109.jpeg,1,1,1,1,0,1,0,0
Coast_Train_1110.jpeg,1,1,1,1,0,0,1,0
Desert_Train_323.jpeg,0,0,1,0,0,1,0,1
Desert_Train_325.jpeg,0,0,1,1,1,0,0,1
Desert_Train_326.jpeg,0,0,1,0,1,0,0,1
Desert_Train_327.jpeg,0,0,1,0,0,1,0,1
Desert_Train_328.jpeg,0,0,1,0,1,0,0,1
Desert_Train_330.jpeg,0,0,1,0,0,0,1,1
Desert_Train_331.jpeg,0,0,1,0,0,1,0,1
Desert_Train_332.jpeg,0,0,1,0,0,1,0,1
Desert_Train_334.jpeg,0,0,1,0,1,0,0,1
Desert_Train_335.jpeg,0,0,1,0,1,0,0,1
Desert_Train_336.jpeg,0,0,1,1,1,0,0,1
Desert_Train_337.jpeg,0,0,1,1,1,0,1,1
Desert_Train_338.jpeg,0,0,1,0,0,1,0,1
Desert_Train_339.jpeg,0,0,1,0,1,0,0,1
Desert_Train_340.jpeg,0,0,1,1,0,1,0,1
Forest_Train_126.jpeg,0,0,0,1,1,0,0,1
Forest_Train_127.jpeg,0,0,0,1,1,0,0,1
Forest_Train_129.jpeg,0,0,0,1,0,1,0,1
Forest_Train_133.jpeg,0,1,1,1,1,0,0,0
Forest_Train_136.jpeg,0,0,0,1,0,0,1,1
Forest_Train_137.jpeg,0,0,1,1,0,1,0,0
Forest_Train_138.jpeg,0,0,0,1,1,0,0,1
Forest_Train_139.jpeg,0,0,1,1,0,0,1,1
Forest_Train_140.jpeg,0,0,0,1,1,0,0,1
Forest_Train_143.jpeg,0,0,1,1,0,1,0,0
Forest_Train_145.jpeg,0,0,0,1,0,0,1,1
Forest_Train_295.jpeg,0,0,1,1,0,0,1,1
Forest_Train_296.jpeg,0,0,0,1,0,1,0,1
Forest_Train_297.jpeg,0,0,0,1,1,0,0,1
Forest_Train_298.jpeg,0,0,0,1,0,1,0,1
Glacier_Train_181.jpeg,0,0,1,0,0,1,0,1
Glacier_Train_184.jpeg,0,1,1,0,0,1,1,1
Glacier_Train_185.jpeg,0,1,1,0,0,0,1,1
Glacier_Train_190.jpeg,0,1,1,1,0,0,1,0
Glacier_Train_192.jpeg,0,1,1,0,0,1,1,1
Mountain_3315.jpeg,0,0,1,1,0,1,0,0
Mountain_3316.jpeg,0,1,1,1,0,1,0,0
Mountain_3317.jpeg,0,0,1,1,1,0,0,0
Mountain_3320.jpeg,0,0,1,0,0,1,0,1
Mountain_3322.jpeg,0,0,1,0,0,1,0,1
Mountain_3324.jpeg,0,0,1,1,0,0,1,0
Mountain_3325.jpeg,0,1,1,1,0,0,1,0
Mountain_3326.jpeg,0,1,1,1,0,1,0,0
Mountain_3327.jpeg,0,1,1,1,1,0,0,0
Mountain_3328.jpeg,0,0,1,0,1,0,0,0
Mountain_3329.jpeg,0,0,1,1,0,0,1,0
Mountain_3330.jpeg,1,1,1,1,0,0,1,0
Mountain_3331.jpeg,0,1,1,1,0,1,0,0
Mountain_3333.jpeg,0,0,1,1,0,0,1,0
Mountain_3334.jpeg,0,1,1,1,0,1,0,0
Coast_Train_467.jpeg,1,1,1,1,0,1,1,0
Coast_Train_468.jpeg,1,1,1,0,1,1,0,0
Coast_Train_470.jpeg,0,1,1,0,0,1,1,0
Coast_Train_471.jpeg,0,1,1,1,1,0,0,0
Coast_Train_472.jpeg,1,1,1,0,0,1,1,0
Coast_Train_473.jpeg,0,1,1,1,1,0,1,0
Coast_Train_474.jpeg,0,1,1,0,1,0,0,0
Coast_Train_476.jpeg,1,1,1,1,0,0,1,0
Coast_Train_477.jpeg,0,1,1,1,1,0,0,0
Coast_Train_478.jpeg,1,1,1,0,0,1,1,0
Coast_Train_479.jpeg,0,1,1,1,1,0,0,0
Coast_Train_480.jpeg,0,1,1,1,0,1,1,0
Coast_Train_481.jpeg,0,1,1,0,0,1,1,0
Coast_Train_483.jpeg,0,1,1,1,0,1,0,0
Coast_Train_485.jpeg,1,1,1,1,1,0,0,0
Coast_Train_486.jpeg,1,1,1,1,1,0,1,0
Coast_Train_487.jpeg,1,1,1,1,1,0,0,0
Coast_Train_488.jpeg,1,1,1,1,0,1,1,0
Coast_Train_490.jpeg,1,1,1,1,0,1,0,0
Coast_Train_491.jpeg,1,1,1,0,0,1,1,0
Coast_Train_521.jpeg,1,1,1,0,0,1,1,0
Coast_Train_522.jpeg,1,1,1,1,0,1,0,0
Coast_Train_523.jpeg,0,1,1,1,0,0,1,0
Coast_Train_524.jpeg,0,1,1,1,0,1,0,0
Coast_Train_525.jpeg,0,1,1,0,1,0,0,0
Coast_Train_526.jpeg,0,1,1,1,1,0,0,0
Coast_Train_527.jpeg,0,1,1,1,1,0,1,0
Coast_Train_528.jpeg,0,1,1,1,0,0,1,0
Coast_Train_529.jpeg,1,1,1,1,0,1,0,0
Coast_Train_530.jpeg,0,1,1,1,0,1,1,0
Coast_Train_1914.jpeg,1,1,1,1,0,1,0,0
Coast_Train_1915.jpeg,1,1,1,1,0,1,0,0
Coast_Train_1917.jpeg,1,1,1,1,0,1,0,0
Coast_Train_1919.jpeg,1,1,1,1,0,1,0,0
Coast_Train_1921.jpeg,1,1,1,1,1,0,0,0
Coast_Train_1926.jpeg,0,1,1,1,0,1,0,0
Coast_Train_1939.jpeg,1,1,1,1,0,1,0,0
Coast_Train_1958.jpeg,0,1,1,1,0,1,0,0
Coast_Train_1964.jpeg,1,1,1,1,0,1,0,0
Coast_Train_1978.jpeg,0,1,1,1,0,1,0,0
Coast_Train_1981.jpeg,1,1,1,1,0,1,0,0
Coast_Train_1982.jpeg,0,1,1,1,0,0,1,0
Coast_Train_1983.jpeg,0,1,1,1,0,1,0,0
Coast_Train_1984.jpeg,1,1,1,1,0,1,0,0
Coast_Train_1986.jpeg,1,1,1,1,0,1,0,0
Coast_Train_1988.jpeg,1,1,1,0,0,0,1,0
Coast_Train_1989.jpeg,0,1,1,1,0,1,0,0
Coast_Train_1991.jpeg,1,1,1,1,0,1,0,0
Coast_Train_1993.jpeg,0,1,1,1,1,0,0,0
Coast_Train_1994.jpeg,0,1,1,1,0,1,0,0
Coast_Train_1680.jpeg,1,1,1,0,0,1,0,0
Coast_Train_1681.jpeg,1,1,1,1,0,1,0,0
Coast_Train_1682.jpeg,1,1,1,1,0,1,0,0
Coast_Train_1689.jpeg,1,1,1,1,0,1,0,0
Coast_Train_1697.jpeg,0,1,1,0,0,1,0,0
Coast_Train_1698.jpeg,0,1,1,0,0,1,1,0
Coast_Train_1699.jpeg,1,1,1,1,0,1,0,0
Coast_Train_1700.jpeg,1,1,1,0,1,0,0,0
Coast_Train_1701.jpeg,1,1,1,1,0,1,0,0
Coast_Train_1702.jpeg,1,1,1,1,1,0,0,0
Coast_Train_1740.jpeg,0,1,1,1,0,1,0,0
Coast_Train_1741.jpeg,0,1,1,1,1,0,0,0
Coast_Train_1742.jpeg,0,1,1,0,0,1,0,0
Coast_Train_1743.jpeg,1,1,1,0,1,0,0,0
Coast_Train_1750.jpeg,1,1,1,1,0,1,0,0
Coast_Train_1753.jpeg,0,1,0,1,0,1,0,0
Coast_Train_1757.jpeg,0,1,1,1,0,1,1,0
Coast_Train_1758.jpeg,1,1,1,1,0,1,0,0
Coast_Train_1760.jpeg,1,1,1,0,0,1,0,0
Coast_Train_1761.jpeg,0,1,1,1,0,1,0,0
Coast_Train_1762.jpeg,1,1,1,1,1,0,0,0
Coast_Train_1768.jpeg,1,1,1,1,0,1,0,0
Coast_Train_1769.jpeg,1,1,1,1,0,1,0,0
Coast_Train_1774.jpeg,1,1,1,1,1,0,0,0
Coast_Train_1775.jpeg,1,1,1,0,0,0,0,0
Coast_Train_1873.jpeg,0,1,1,1,0,1,0,0
Coast_Train_1877.jpeg,0,1,1,1,0,1,0,0
Coast_Train_1878.jpeg,0,1,1,1,0,1,0,0
Coast_Train_1879.jpeg,0,1,1,1,0,1,0,0
Coast_Train_1880.jpeg,1,1,1,1,0,0,1,0
Coast_Train_1881.jpeg,1,1,1,1,0,1,0,0
Coast_Train_1882.jpeg,0,1,1,1,0,1,0,0
Coast_Train_1883.jpeg,0,1,1,0,1,0,1,0
Coast_Train_1884.jpeg,0,1,1,1,1,0,0,0
Coast_Train_1886.jpeg,1,1,1,1,1,0,0,0
Coast_Train_1887.jpeg,0,1,1,1,0,1,0,0
Coast_Train_1888.jpeg,1,1,1,1,0,1,1,0
Coast_Train_1890.jpeg,0,1,1,1,0,1,0,0
Coast_Train_1893.jpeg,0,1,1,1,1,0,0,0
Coast_Train_1894.jpeg,1,1,1,1,0,1,0,0
Coast_Train_1895.jpeg,1,1,1,1,0,1,1,0
Coast_Train_1896.jpeg,1,1,1,1,1,0,0,0
Coast_Train_1899.jpeg,1,1,1,1,0,1,0,0
Coast_Train_1900.jpeg,1,1,1,1,0,1,0,0
Coast_Train_1901.jpeg,1,1,1,1,0,1,1,0
Coast_Train_1902.jpeg,0,1,1,1,0,1,1,0
Coast_Train_1903.jpeg,0,1,1,1,0,1,1,0
Coast_Train_1904.jpeg,1,1,1,1,0,1,0,0
Coast_Train_1906.jpeg,1,1,1,1,0,1,0,0
Coast_Train_1907.jpeg,0,1,1,0,1,0,1,0
Desert_Train_341.jpeg,0,0,1,0,1,0,0,1
Desert_Train_342.jpeg,0,0,1,0,0,1,0,1
Desert_Train_344.jpeg,0,0,1,0,1,0,0,1
Desert_Train_346.jpeg,0,0,1,0,1,0,0,0
Desert_Train_348.jpeg,0,0,1,1,1,0,0,0
Desert_Train_349.jpeg,0,0,1,0,1,0,0,0
Desert_Train_351.jpeg,0,0,1,0,1,0,0,1
Desert_Train_352.jpeg,0,0,1,0,0,1,0,0
Desert_Train_356.jpeg,0,0,1,1,0,1,0,0
Desert_Train_357.jpeg,0,0,1,0,1,0,0,0
Desert_Train_358.jpeg,0,0,1,0,1,0,1,1
Desert_Train_359.jpeg,0,0,1,0,1,0,1,0
Desert_Train_360.jpeg,0,0,1,1,0,1,0,1
Desert_Train_361.jpeg,0,0,1,1,0,1,0,1
Desert_Train_366.jpeg,0,0,1,0,0,1,0,0
Desert_Train_368.jpeg,0,0,1,1,0,1,0,0
Desert_Train_369.jpeg,0,0,1,0,1,0,0,1
Desert_Train_370.jpeg,0,0,1,0,0,1,0,1
Desert_Train_371.jpeg,0,1,1,1,1,0,0,0
Desert_Train_373.jpeg,0,0,1,0,1,0,0,0
Forest_Train_372.jpeg,0,0,0,1,0,1,0,0
Forest_Train_373.jpeg,0,0,0,1,0,1,0,0
Forest_Train_374.jpeg,0,0,1,1,0,1,0,1
Forest_Train_376.jpeg,0,0,0,1,0,1,0,0
Forest_Train_378.jpeg,0,0,1,1,0,1,0,0
Forest_Train_379.jpeg,0,0,1,1,0,1,0,1
Forest_Train_380.jpeg,0,0,0,1,0,1,0,1
Forest_Train_381.jpeg,0,0,1,1,0,0,1,0
Forest_Train_384.jpeg,0,0,1,1,0,1,0,0
Forest_Train_385.jpeg,0,0,1,1,0,0,1,1
Glacier_Train_491.jpeg,0,0,1,0,0,1,0,1
Glacier_Train_492.jpeg,0,1,1,0,0,0,1,1
Glacier_Train_494.jpeg,0,1,1,0,0,1,0,0
Glacier_Train_495.jpeg,0,0,0,0,0,1,0,0
Glacier_Train_496.jpeg,0,1,1,0,0,0,1,1
Glacier_Train_497.jpeg,0,1,1,0,0,1,0,0
Glacier_Train_498.jpeg,0,1,1,0,0,1,0,0
Glacier_Train_499.jpeg,0,1,1,1,0,0,1,0
Glacier_Train_500.jpeg,0,1,1,0,1,0,0,0
Mountain_2969.jpeg,0,0,1,1,0,0,1,0
Mountain_2970.jpeg,0,0,1,1,0,1,0,1
Mountain_2973.jpeg,0,0,1,1,0,0,1,0
Mountain_2975.jpeg,0,0,1,1,1,0,0,0
Mountain_2976.jpeg,0,0,1,0,1,0,0,0
Mountain_2977.jpeg,0,0,1,0,0,1,0,0
Mountain_2978.jpeg,0,0,1,1,0,0,1,0
Mountain_2979.jpeg,0,0,1,1,1,0,0,1
Mountain_2980.jpeg,0,0,1,1,0,0,1,0
Mountain_2981.jpeg,0,0,1,1,0,0,1,1
Mountain_2982.jpeg,0,0,1,1,0,0,1,1
Coast_Train_311.jpeg,1,1,1,0,1,0,0,0
Coast_Train_312.jpeg,1,1,1,0,1,0,0,0
Coast_Train_313.jpeg,1,1,1,0,1,0,0,0
Coast_Train_330.jpeg,1,1,1,1,1,0,0,0
Coast_Train_331.jpeg,1,1,1,1,0,0,1,0
Coast_Train_332.jpeg,1,1,1,1,0,1,0,0
Coast_Train_333.jpeg,0,1,1,0,1,0,0,0
Coast_Train_334.jpeg,1,1,1,1,0,0,0,0
Coast_Train_336.jpeg,1,1,1,1,1,0,0,0
Coast_Train_337.jpeg,0,1,1,1,0,0,1,0
Coast_Train_338.jpeg,0,1,1,1,0,1,0,0
Coast_Train_339.jpeg,0,1,1,1,0,1,0,0
Coast_Train_340.jpeg,1,1,1,1,0,1,0,0
Coast_Train_342.jpeg,0,1,1,1,1,0,0,0
Coast_Train_343.jpeg,1,1,1,1,0,1,0,0
Coast_Train_672.jpeg,0,1,1,1,0,0,0,0
Coast_Train_674.jpeg,0,1,1,0,1,0,0,0
Coast_Train_675.jpeg,1,1,1,1,0,0,1,0
Coast_Train_677.jpeg,1,1,1,1,0,1,0,0
Coast_Train_678.jpeg,0,1,1,1,1,0,0,0
Coast_Train_681.jpeg,0,1,1,1,1,0,0,0
Coast_Train_682.jpeg,0,1,1,1,1,0,0,0
Coast_Train_683.jpeg,1,1,1,0,0,1,0,0
Coast_Train_684.jpeg,1,1,1,1,0,0,1,0
Coast_Train_689.jpeg,0,1,1,1,0,1,0,0
Coast_Train_691.jpeg,1,1,1,0,1,0,0,0
Coast_Train_693.jpeg,1,1,1,1,0,1,0,0
Coast_Train_694.jpeg,0,1,0,1,0,0,1,0
Coast_Train_696.jpeg,1,1,1,1,0,1,0,0
Coast_Train_697.jpeg,0,1,1,1,0,1,0,0
Coast_Train_852.jpeg,1,1,1,1,0,1,0,0
Coast_Train_854.jpeg,1,1,1,1,0,1,0,0
Coast_Train_855.jpeg,1,1,1,1,0,1,0,0
Coast_Train_856.jpeg,1,1,1,1,0,1,0,0
Coast_Train_858.jpeg,1,1,1,1,0,1,0,0
Coast_Train_902.jpeg,1,1,1,1,0,1,0,0
Coast_Train_903.jpeg,1,1,1,1,0,0,1,0
Coast_Train_904.jpeg,1,1,1,1,1,0,0,0
Coast_Train_905.jpeg,0,1,1,1,0,1,0,0
Coast_Train_907.jpeg,1,1,1,1,1,0,0,0
Coast_Train_908.jpeg,1,1,1,1,0,1,0,0
Coast_Train_909.jpeg,1,1,1,1,0,1,0,0
Coast_Train_910.jpeg,1,1,1,1,0,1,0,0
Coast_Train_913.jpeg,1,1,1,1,0,1,0,0
Coast_Train_914.jpeg,1,1,1,1,1,0,0,0
Coast_Train_915.jpeg,1,1,1,1,0,1,0,0
Coast_Train_916.jpeg,1,1,1,1,0,1,0,0
Coast_Train_917.jpeg,1,1,1,1,0,1,0,0
Coast_Train_918.jpeg,1,1,1,1,0,1,0,0
Coast_Train_919.jpeg,1,1,1,1,0,1,0,0
Coast_Train_344.jpeg,0,1,1,1,0,0,1,0
Coast_Train_346.jpeg,1,1,1,0,1,0,0,0
Coast_Train_347.jpeg,1,1,1,0,1,0,0,0
Coast_Train_348.jpeg,1,1,1,1,0,1,0,0
Coast_Train_349.jpeg,1,1,1,1,0,0,1,0
Coast_Train_350.jpeg,1,1,1,1,0,1,0,0
Coast_Train_357.jpeg,0,1,1,1,1,0,0,0
Coast_Train_362.jpeg,0,1,1,0,0,1,0,0
Coast_Train_363.jpeg,0,1,1,1,0,1,0,0
Coast_Train_365.jpeg,1,1,1,1,0,0,1,0
Coast_Train_367.jpeg,0,1,1,1,0,1,0,0
Coast_Train_368.jpeg,1,1,1,1,0,0,1,0
Coast_Train_369.jpeg,1,1,1,1,0,1,0,0
Coast_Train_370.jpeg,1,1,1,1,0,1,0,0
Coast_Train_372.jpeg,1,1,1,0,0,0,1,1
Coast_Train_546.jpeg,0,1,1,1,1,0,0,0
Coast_Train_549.jpeg,0,1,1,0,0,1,0,0
Coast_Train_550.jpeg,1,1,1,1,1,0,0,0
Coast_Train_552.jpeg,1,1,1,1,0,1,0,0
Coast_Train_553.jpeg,1,1,1,1,0,1,0,0
Coast_Train_554.jpeg,0,1,1,1,0,1,0,0
Coast_Train_558.jpeg,0,1,1,0,0,1,0,0
Coast_Train_560.jpeg,0,1,1,0,1,0,0,0
Coast_Train_561.jpeg,0,1,1,1,0,1,0,0
Coast_Train_562.jpeg,1,1,1,1,0,1,0,0
Coast_Train_564.jpeg,1,1,1,0,1,0,0,0
Coast_Train_565.jpeg,0,1,1,1,0,0,1,0
Coast_Train_567.jpeg,0,1,1,1,0,1,0,0
Coast_Train_569.jpeg,0,1,1,1,0,1,0,0
Coast_Train_570.jpeg,1,1,1,1,0,0,1,0
Coast_Train_573.jpeg,1,1,1,1,1,0,0,0
Coast_Train_574.jpeg,0,1,1,1,0,1,0,0
Coast_Train_575.jpeg,0,1,1,1,0,1,0,0
Coast_Train_577.jpeg,0,1,1,0,0,1,0,0
Coast_Train_578.jpeg,1,1,1,0,0,1,0,0
Coast_Train_579.jpeg,0,1,1,1,0,1,0,0
Coast_Train_580.jpeg,1,1,1,1,1,0,0,0
Coast_Train_582.jpeg,0,1,1,1,1,0,0,0
Coast_Train_583.jpeg,1,1,1,0,0,1,0,0
Coast_Train_584.jpeg,1,1,1,0,1,0,0,0
Coast_Train_839.jpeg,1,1,1,1,0,0,1,0
Coast_Train_841.jpeg,1,1,1,1,0,1,0,0
Coast_Train_842.jpeg,1,1,1,1,1,0,0,0
Coast_Train_843.jpeg,0,1,1,0,1,0,0,0
Coast_Train_844.jpeg,1,1,1,1,0,1,0,0
Coast_Train_845.jpeg,0,1,1,1,1,0,0,0
Coast_Train_846.jpeg,0,1,1,1,1,0,0,0
Coast_Train_847.jpeg,1,1,1,1,1,0,0,0
Coast_Train_848.jpeg,1,1,1,0,0,1,0,0
Coast_Train_850.jpeg,1,1,1,0,0,1,0,0
Coast_Train_380.jpeg,1,1,1,1,1,0,1,0
Coast_Train_385.jpeg,1,1,1,1,0,1,0,0
Coast_Train_386.jpeg,1,1,1,0,1,0,0,0
Coast_Train_389.jpeg,1,1,1,1,0,1,0,0
Coast_Train_390.jpeg,0,1,1,1,0,1,0,0
Coast_Train_392.jpeg,0,1,1,1,0,0,1,0
Coast_Train_393.jpeg,1,1,1,1,0,1,0,0
Coast_Train_394.jpeg,1,1,1,1,0,0,1,0
Coast_Train_395.jpeg,1,1,1,0,1,0,0,0
Coast_Train_396.jpeg,1,1,1,1,0,1,0,0
Coast_Train_397.jpeg,1,1,1,1,1,0,0,0
Coast_Train_398.jpeg,0,1,1,1,0,1,0,0
Coast_Train_400.jpeg,1,1,1,1,0,1,0,0
Coast_Train_402.jpeg,1,1,1,1,0,1,0,0
Coast_Train_403.jpeg,1,1,1,0,1,0,0,0
Coast_Train_430.jpeg,1,1,1,1,0,1,0,0
Coast_Train_431.jpeg,1,1,1,1,1,0,0,0
Coast_Train_433.jpeg,1,1,1,1,0,1,0,0
Coast_Train_434.jpeg,1,1,1,1,1,0,0,0
Coast_Train_435.jpeg,1,1,1,1,1,0,0,0
Coast_Train_778.jpeg,1,1,1,1,0,0,1,0
Coast_Train_779.jpeg,1,1,1,1,0,1,0,0
Coast_Train_781.jpeg,1,1,1,1,0,0,1,0
Coast_Train_783.jpeg,1,1,1,0,1,0,0,0
Coast_Train_791.jpeg,1,1,1,0,1,0,0,0
Coast_Train_794.jpeg,1,1,1,0,1,0,0,0
Coast_Train_795.jpeg,1,1,1,1,0,0,1,0
Coast_Train_796.jpeg,1,1,1,0,1,0,0,0
Coast_Train_797.jpeg,1,1,1,0,1,0,0,0
Coast_Train_798.jpeg,1,1,1,1,1,0,0,0
Coast_Train_799.jpeg,1,1,1,0,1,0,0,0
Coast_Train_803.jpeg,1,1,1,0,0,0,1,0
Coast_Train_806.jpeg,0,1,1,1,0,1,0,0
Coast_Train_810.jpeg,1,1,1,1,1,0,1,0
Coast_Train_811.jpeg,1,1,1,1,1,0,0,0
Coast_Train_814.jpeg,0,1,1,1,0,0,1,0
Coast_Train_815.jpeg,1,1,1,1,0,0,0,0
Coast_Train_816.jpeg,1,1,1,1,1,0,0,0
Coast_Train_817.jpeg,1,1,1,1,0,0,1,0
Coast_Train_818.jpeg,1,1,1,1,0,0,0,0
Coast_Train_1060.jpeg,0,0,1,1,0,0,1,0
Coast_Train_1061.jpeg,1,1,1,1,0,1,0,0
Coast_Train_1062.jpeg,1,1,1,1,1,0,0,0
Coast_Train_1063.jpeg,1,1,1,1,0,0,1,0
Coast_Train_1064.jpeg,0,1,1,1,0,0,1,0
Coast_Train_1065.jpeg,1,1,1,1,0,1,0,0
Coast_Train_1066.jpeg,1,1,1,1,1,0,0,0
Coast_Train_1067.jpeg,1,1,1,1,0,1,0,0
Coast_Train_1068.jpeg,0,1,1,1,0,0,1,0
Coast_Train_1069.jpeg,1,1,1,0,0,0,0,0
Desert_Train_375.jpeg,0,0,1,1,0,1,0,1
Desert_Train_376.jpeg,0,0,1,0,1,0,0,1
Desert_Train_377.jpeg,0,0,1,1,0,0,1,0
Desert_Train_378.jpeg,0,0,1,0,1,0,0,0
Desert_Train_379.jpeg,0,0,1,0,1,0,0,0
Desert_Train_380.jpeg,0,0,1,0,0,1,0,0
Desert_Train_381.jpeg,0,0,1,0,1,0,0,1
Desert_Train_383.jpeg,0,0,1,0,0,1,0,1
Desert_Train_384.jpeg,0,0,1,0,1,0,0,0
Desert_Train_386.jpeg,0,0,1,1,0,0,0,1
Desert_Train_387.jpeg,0,0,1,1,0,1,0,0
Desert_Train_390.jpeg,0,0,1,0,1,0,0,0
Desert_Train_391.jpeg,0,0,1,0,0,1,0,1
Desert_Train_392.jpeg,0,0,1,0,0,1,0,0
Desert_Train_393.jpeg,0,0,1,1,0,0,0,1
Forest_Train_319.jpeg,0,0,0,1,0,0,0,0
Forest_Train_320.jpeg,0,0,0,1,0,0,0,0
Forest_Train_321.jpeg,0,0,0,1,0,0,0,0
Forest_Train_322.jpeg,0,0,0,1,0,0,0,0
Forest_Train_323.jpeg,0,0,0,1,1,0,0,0
Forest_Train_324.jpeg,0,0,0,1,0,0,0,0
Forest_Train_326.jpeg,0,0,0,1,0,0,0,0
Forest_Train_327.jpeg,0,0,0,1,0,0,0,0
Forest_Train_328.jpeg,0,0,1,1,0,0,0,1
Forest_Train_329.jpeg,0,0,0,1,0,0,1,0
Forest_Train_331.jpeg,0,0,0,1,1,0,0,0
Forest_Train_332.jpeg,0,0,0,1,0,0,1,0
Forest_Train_333.jpeg,0,0,0,1,0,0,0,0
Forest_Train_334.jpeg,0,0,0,1,0,0,0,0
Forest_Train_335.jpeg,0,0,0,1,0,0,0,0
Mountain_3144.jpeg,0,0,1,1,0,0,1,1
Mountain_3145.jpeg,0,0,0,1,0,0,0,0
Mountain_3146.jpeg,0,0,1,1,0,0,1,0
Mountain_3147.jpeg,0,0,1,1,0,0,0,0
Mountain_3148.jpeg,0,0,1,1,0,0,0,1
Mountain_3150.jpeg,0,0,1,1,1,0,0,0
Mountain_3151.jpeg,0,0,1,1,1,0,0,0
Mountain_3152.jpeg,0,0,1,0,0,0,0,1
Mountain_3155.jpeg,0,0,1,1,0,0,0,1
Mountain_3156.jpeg,0,0,1,1,0,0,0,0
Mountain_3158.jpeg,0,0,1,1,0,0,0,1
Mountain_3159.jpeg,0,0,1,1,0,0,0,0
Mountain_3160.jpeg,0,0,1,1,0,0,0,1
Mountain_3161.jpeg,0,0,1,1,0,0,0,1
Mountain_3163.jpeg,0,0,1,0,1,0,0,0
Mountain_3165.jpeg,0,0,1,1,0,0,1,1
Mountain_3166.jpeg,0,0,1,0,1,0,0,0
Mountain_3167.jpeg,0,0,1,0,1,0,0,0
Mountain_3171.jpeg,0,0,1,1,0,0,1,0
Mountain_3172.jpeg,0,0,1,1,0,0,1,1
Desert_Train_394.jpeg,0,0,1,0,1,0,0,0
Desert_Train_396.jpeg,1,1,1,1,1,0,0,0
Desert_Train_397.jpeg,0,0,1,0,1,0,0,1
Desert_Train_400.jpeg,0,0,1,1,0,0,0,1
Desert_Train_401.jpeg,0,0,1,0,1,0,0,1
Desert_Train_402.jpeg,0,0,1,1,0,1,0,1
Desert_Train_403.jpeg,0,0,1,1,0,0,0,1
Desert_Train_404.jpeg,0,0,1,0,1,0,0,1
Desert_Train_405.jpeg,0,0,1,0,1,0,0,1
Desert_Train_407.jpeg,0,0,1,0,1,0,0,1
Desert_Train_409.jpeg,0,0,1,0,1,0,0,1
Desert_Train_414.jpeg,0,0,1,1,0,0,0,1
Desert_Train_415.jpeg,0,0,1,1,0,1,0,1
Desert_Train_416.jpeg,0,0,1,1,0,0,0,1
Desert_Train_417.jpeg,0,0,1,0,0,0,1,1
Forest_Train_300.jpeg,0,0,1,1,0,1,0,0
Forest_Train_302.jpeg,0,0,1,1,0,1,0,0
Forest_Train_304.jpeg,0,0,0,1,0,1,0,0
Forest_Train_305.jpeg,0,0,0,1,0,1,0,0
Forest_Train_306.jpeg,0,0,0,1,1,0,0,0
Forest_Train_307.jpeg,0,0,1,1,1,0,0,0
Forest_Train_308.jpeg,0,0,1,1,0,1,0,0
Forest_Train_309.jpeg,0,0,1,1,1,0,0,0
Forest_Train_311.jpeg,0,0,1,1,1,0,0,0
Forest_Train_312.jpeg,0,0,0,1,0,1,0,0
Forest_Train_313.jpeg,0,0,0,1,0,1,0,0
Forest_Train_314.jpeg,0,0,0,1,0,1,0,0
Forest_Train_316.jpeg,0,0,0,1,0,1,0,0
Forest_Train_317.jpeg,0,0,0,1,0,1,0,0
Forest_Train_318.jpeg,0,0,0,1,0,1,0,0
Forest_Train_337.jpeg,0,0,0,1,0,1,0,0
Forest_Train_339.jpeg,0,0,0,1,0,1,0,0
Forest_Train_340.jpeg,0,0,1,1,0,1,0,0
Forest_Train_341.jpeg,0,0,0,1,0,1,0,0
Forest_Train_344.jpeg,0,0,1,1,0,1,0,0
Glacier_Train_171.jpeg,0,1,1,0,0,1,0,0
Glacier_Train_172.jpeg,0,0,1,0,0,1,0,0
Glacier_Train_174.jpeg,0,0,1,0,0,1,0,0
Glacier_Train_177.jpeg,0,0,1,0,0,0,1,0
Glacier_Train_178.jpeg,0,0,1,0,0,1,0,1
Glacier_Train_193.jpeg,0,0,1,0,0,1,0,0
Glacier_Train_194.jpeg,0,0,1,1,0,1,0,0
Glacier_Train_195.jpeg,0,0,1,0,0,1,0,0
Glacier_Train_196.jpeg,0,0,1,0,0,1,0,0
Glacier_Train_199.jpeg,0,1,1,0,0,0,1,0
Glacier_Train_201.jpeg,0,0,1,0,0,1,0,0
Glacier_Train_202.jpeg,0,1,1,1,0,1,0,0
Glacier_Train_204.jpeg,0,0,1,1,0,1,0,0
Glacier_Train_206.jpeg,0,0,1,0,0,1,0,0
Glacier_Train_208.jpeg,0,0,1,0,0,1,0,0
Desert_Train_454.jpeg,0,0,1,0,1,0,0,1
Desert_Train_455.jpeg,0,0,1,0,1,0,0,1
Desert_Train_456.jpeg,0,0,1,1,0,1,0,1
Desert_Train_459.jpeg,0,0,1,1,1,0,0,1
Desert_Train_461.jpeg,0,0,1,0,0,0,1,1
Desert_Train_462.jpeg,0,0,1,1,1,0,0,1
Desert_Train_464.jpeg,0,0,1,0,1,0,0,1
Desert_Train_466.jpeg,0,0,1,0,1,0,0,1
Desert_Train_467.jpeg,0,0,1,0,1,0,0,1
Desert_Train_469.jpeg,0,0,1,0,1,0,0,1
Desert_Train_470.jpeg,0,0,1,0,0,1,0,1
Desert_Train_472.jpeg,0,0,1,1,1,0,0,1
Desert_Train_473.jpeg,0,0,1,0,1,0,0,1
Desert_Train_474.jpeg,0,0,1,0,1,0,0,1
Desert_Train_475.jpeg,0,0,1,1,0,1,0,1
Desert_Train_476.jpeg,0,0,1,0,0,1,0,1
Desert_Train_477.jpeg,0,0,1,0,0,1,0,1
Desert_Train_478.jpeg,0,0,1,0,0,1,0,1
Desert_Train_479.jpeg,0,0,1,0,0,1,0,1
Desert_Train_480.jpeg,0,0,1,1,1,0,0,1
Forest_Train_471.jpeg,0,0,0,1,1,0,0,1
Forest_Train_472.jpeg,0,0,1,1,1,0,0,1
Forest_Train_473.jpeg,0,0,1,0,1,0,0,1
Forest_Train_474.jpeg,0,0,1,0,1,0,0,1
Forest_Train_477.jpeg,0,0,1,0,0,1,0,1
Forest_Train_478.jpeg,0,0,1,0,0,1,0,1
Forest_Train_479.jpeg,0,0,1,0,0,1,0,1
Forest_Train_482.jpeg,0,0,0,1,1,0,0,1
Forest_Train_483.jpeg,0,0,1,1,0,1,0,1
Forest_Train_484.jpeg,0,0,0,1,1,0,0,1
Forest_Train_485.jpeg,0,0,0,1,0,1,0,1
Forest_Train_486.jpeg,0,0,0,1,0,1,0,1
Forest_Train_487.jpeg,0,0,0,1,0,1,0,1
Forest_Train_488.jpeg,0,0,1,1,0,1,0,1
Forest_Train_489.jpeg,0,0,0,1,1,0,0,1
Glacier_Train_321.jpeg,0,1,1,0,0,1,0,0
Glacier_Train_322.jpeg,0,1,1,0,0,1,0,0
Glacier_Train_323.jpeg,0,1,1,0,0,1,0,0
Glacier_Train_324.jpeg,0,1,1,0,0,1,0,0
Glacier_Train_325.jpeg,0,1,1,0,0,1,0,0
Glacier_Train_326.jpeg,0,1,1,0,0,1,0,0
Glacier_Train_327.jpeg,0,1,1,0,0,1,0,0
Glacier_Train_329.jpeg,0,1,1,0,0,1,0,0
Glacier_Train_330.jpeg,0,1,1,0,0,0,1,0
Glacier_Train_331.jpeg,0,1,1,1,0,1,1,0
Glacier_Train_332.jpeg,0,1,1,0,0,1,0,0
Glacier_Train_334.jpeg,0,1,1,1,0,1,0,0
Glacier_Train_335.jpeg,0,0,1,0,0,1,0,1
Glacier_Train_336.jpeg,0,0,1,0,0,1,0,1
Glacier_Train_337.jpeg,0,0,1,0,0,0,1,1
Coast_Train_1070.jpeg,1,1,0,1,0,1,0,0
Coast_Train_1071.jpeg,1,1,1,1,0,1,0,0
Coast_Train_1072.jpeg,1,1,1,0,0,1,0,0
Coast_Train_1074.jpeg,1,1,1,1,0,1,0,0
Coast_Train_1075.jpeg,0,1,1,1,0,1,0,0
Coast_Train_1076.jpeg,1,1,1,1,0,1,0,0
Coast_Train_1078.jpeg,0,1,1,1,0,1,0,0
Coast_Train_1080.jpeg,1,1,1,1,0,1,0,0
Coast_Train_1082.jpeg,1,1,1,0,0,1,0,0
Coast_Train_1083.jpeg,1,1,1,1,0,1,0,1
Coast_Train_1085.jpeg,1,1,1,1,0,1,0,0
Coast_Train_1086.jpeg,1,1,1,1,0,1,0,0
Coast_Train_1087.jpeg,1,1,1,1,0,1,0,0
Coast_Train_1088.jpeg,1,1,1,1,1,0,0,0
Coast_Train_1089.jpeg,1,1,1,1,0,1,0,0
Coast_Train_1271.jpeg,1,1,1,1,0,1,0,0
Coast_Train_1272.jpeg,1,1,1,1,0,1,0,0
Coast_Train_1274.jpeg,0,1,1,0,0,1,0,0
Coast_Train_1276.jpeg,1,1,1,1,0,1,0,0
Coast_Train_1277.jpeg,1,1,1,1,0,1,0,0
Coast_Train_1278.jpeg,0,0,0,1,0,1,0,1
Coast_Train_1280.jpeg,1,1,1,1,0,1,0,0
Coast_Train_1283.jpeg,0,1,1,0,0,1,0,0
Coast_Train_1285.jpeg,1,1,1,1,0,1,0,0
Coast_Train_1287.jpeg,0,1,1,1,0,1,0,0
Coast_Train_1288.jpeg,1,1,1,1,0,1,0,0
Coast_Train_1289.jpeg,1,1,1,1,0,1,0,0
Coast_Train_1290.jpeg,1,1,1,1,0,1,0,0
Coast_Train_1291.jpeg,0,1,1,1,0,1,0,1
Coast_Train_1295.jpeg,1,1,1,1,0,1,0,0
Coast_Train_1559.jpeg,0,1,1,1,0,1,0,0
Coast_Train_1561.jpeg,0,1,1,1,0,1,0,1
Coast_Train_1562.jpeg,0,1,1,1,0,1,1,0
Coast_Train_1563.jpeg,1,1,1,1,0,1,1,0
Coast_Train_1564.jpeg,0,1,1,1,0,1,0,0
Coast_Train_1565.jpeg,1,1,1,1,0,1,0,1
Coast_Train_1566.jpeg,1,1,1,1,0,1,1,0
Coast_Train_1567.jpeg,0,1,1,1,0,1,0,0
Coast_Train_1570.jpeg,0,1,1,1,0,1,1,0
Coast_Train_1572.jpeg,1,1,1,1,0,1,1,1
Coast_Train_1573.jpeg,0,1,1,1,0,1,0,1
Coast_Train_1574.jpeg,1,1,1,1,0,1,0,0
Coast_Train_1575.jpeg,0,1,1,1,0,1,0,1
Coast_Train_1576.jpeg,1,1,1,1,0,1,0,0
Coast_Train_1577.jpeg,0,1,1,1,0,1,1,0
Coast_Train_1909.jpeg,0,1,1,1,0,1,0,1
Coast_Train_1910.jpeg,0,1,1,1,0,1,1,1
Coast_Train_1911.jpeg,1,1,1,1,0,1,0,1
Coast_Train_1913.jpeg,0,1,1,1,0,1,0,1
Coast_Train_1998.jpeg,1,1,1,0,0,1,0,1
Coast_Train_598.jpeg,1,1,1,1,1,0,0,0
Coast_Train_600.jpeg,1,1,1,1,0,0,1,0
Coast_Train_603.jpeg,1,1,1,0,0,1,0,0
Coast_Train_604.jpeg,1,1,1,1,1,0,0,0
Coast_Train_605.jpeg,1,1,1,1,0,1,0,0
Coast_Train_607.jpeg,1,1,1,1,0,1,0,0
Coast_Train_608.jpeg,0,1,1,1,1,0,1,0
Coast_Train_609.jpeg,1,1,1,1,0,1,0,0
Coast_Train_611.jpeg,1,1,1,0,1,0,0,0
Coast_Train_612.jpeg,0,1,1,1,1,0,0,0
Coast_Train_613.jpeg,1,1,1,1,0,1,0,0
Coast_Train_614.jpeg,1,1,1,0,1,0,0,0
Coast_Train_615.jpeg,1,1,1,1,0,1,0,0
Coast_Train_617.jpeg,0,1,1,1,1,0,0,0
Coast_Train_618.jpeg,0,1,1,0,1,0,0,0
Coast_Train_620.jpeg,1,1,1,1,0,1,0,0
Coast_Train_621.jpeg,0,1,1,0,0,1,0,0
Coast_Train_623.jpeg,1,1,1,1,0,1,0,0
Coast_Train_624.jpeg,1,1,1,1,0,1,0,0
Coast_Train_625.jpeg,1,1,1,1,1,0,0,0
Coast_Train_977.jpeg,1,1,1,1,0,1,0,0
Coast_Train_978.jpeg,1,1,1,1,0,1,0,0
Coast_Train_979.jpeg,0,1,1,1,0,1,0,0
Coast_Train_981.jpeg,1,1,1,1,0,1,0,0
Coast_Train_982.jpeg,0,1,0,1,0,1,0,0
Coast_Train_984.jpeg,1,1,1,1,0,1,0,0
Coast_Train_986.jpeg,0,1,1,1,0,0,1,0
Coast_Train_987.jpeg,1,1,1,1,0,1,0,0
Coast_Train_988.jpeg,1,1,1,1,1,0,0,0
Coast_Train_989.jpeg,0,1,1,1,0,1,0,0
Coast_Train_991.jpeg,1,1,1,0,0,1,0,0
Coast_Train_994.jpeg,1,1,1,1,0,1,0,0
Coast_Train_995.jpeg,1,1,1,1,0,0,1,0
Coast_Train_996.jpeg,1,1,1,1,0,1,0,0
Coast_Train_999.jpeg,1,1,1,1,0,1,0,0
Coast_Train_1054.jpeg,1,1,1,1,0,1,0,0
Coast_Train_1055.jpeg,1,1,1,1,0,1,0,0
Coast_Train_1057.jpeg,1,1,1,1,0,1,0,0
Coast_Train_1058.jpeg,1,1,1,1,0,1,0,0
Coast_Train_1059.jpeg,1,1,1,1,0,1,0,0
Coast_Train_1253.jpeg,1,1,1,1,0,1,0,0
Coast_Train_1254.jpeg,1,1,1,0,0,1,0,0
Coast_Train_1256.jpeg,1,1,1,0,0,1,0,0
Coast_Train_1257.jpeg,1,1,1,1,0,1,0,0
Coast_Train_1258.jpeg,1,1,1,1,0,1,0,0
Coast_Train_1261.jpeg,1,1,1,0,0,1,0,0
Coast_Train_1264.jpeg,1,1,1,0,0,0,1,0
Coast_Train_1268.jpeg,1,1,1,1,0,1,0,0
Coast_Train_1269.jpeg,1,1,1,1,0,1,0,0
Coast_Train_1270.jpeg,1,1,1,1,0,1,0,0
Desert_Train_494.jpeg,0,0,1,0,0,1,0,1
Desert_Train_498.jpeg,0,0,1,0,0,0,1,1
Desert_Train_500.jpeg,0,0,1,0,0,1,0,1
Forest_Train_3.jpeg,0,0,1,1,0,1,0,1
Forest_Train_6.jpeg,0,1,1,1,0,1,0,0
Forest_Train_7.jpeg,0,1,1,1,0,1,0,0
Forest_Train_8.jpeg,0,0,1,1,0,1,0,0
Forest_Train_13.jpeg,0,0,1,1,0,1,0,0
Forest_Train_14.jpeg,0,1,1,1,0,1,0,0
Forest_Train_17.jpeg,0,1,1,1,0,1,0,0
Forest_Train_49.jpeg,0,0,0,1,0,0,0,0
Forest_Train_50.jpeg,0,1,1,1,0,1,0,0
Forest_Train_51.jpeg,0,0,0,1,1,0,0,0
Forest_Train_52.jpeg,0,0,1,1,0,0,1,0
Forest_Train_54.jpeg,0,0,1,1,0,0,0,0
Forest_Train_56.jpeg,0,0,0,1,0,0,0,0
Forest_Train_58.jpeg,0,0,0,1,0,0,0,0
Forest_Train_59.jpeg,0,0,0,1,0,0,1,0
Forest_Train_63.jpeg,0,0,0,1,0,1,0,0
Forest_Train_65.jpeg,0,1,0,1,0,0,1,0
Glacier_Train_65.jpeg,0,1,1,0,0,0,1,1
Glacier_Train_66.jpeg,0,1,1,1,0,0,1,1
Glacier_Train_67.jpeg,0,1,1,0,0,0,1,1
Glacier_Train_69.jpeg,0,1,1,0,0,1,0,1
Glacier_Train_71.jpeg,0,1,1,1,0,0,1,1
Glacier_Train_73.jpeg,0,1,1,0,0,0,1,1
Glacier_Train_74.jpeg,0,1,1,0,1,0,1,1
Glacier_Train_76.jpeg,0,1,1,1,0,0,0,1
Glacier_Train_80.jpeg,0,1,1,1,0,0,1,1
Glacier_Train_81.jpeg,0,1,1,1,0,0,0,1
Glacier_Train_84.jpeg,0,1,1,0,0,0,0,1
Glacier_Train_85.jpeg,0,1,1,0,0,0,0,1
Glacier_Train_86.jpeg,0,1,1,0,0,0,0,1
Glacier_Train_89.jpeg,0,1,1,0,0,0,0,1
Glacier_Train_91.jpeg,0,1,1,0,0,1,0,1
Glacier_Train_94.jpeg,0,1,1,1,0,1,0,1
Glacier_Train_95.jpeg,0,1,1,0,0,0,1,1
Glacier_Train_96.jpeg,0,1,1,0,0,0,1,1
Glacier_Train_97.jpeg,0,1,1,0,0,0,0,1
Glacier_Train_98.jpeg,0,1,1,0,0,0,0,1
Mountain_3062.jpeg,0,0,1,1,0,1,0,1
Mountain_3065.jpeg,0,0,1,0,1,0,0,1
Mountain_3067.jpeg,0,0,1,1,0,0,1,0
Mountain_3068.jpeg,0,1,1,1,0,1,0,0
Mountain_3069.jpeg,0,0,1,1,0,0,1,0
Mountain_3070.jpeg,0,0,1,1,1,0,0,1
Mountain_3072.jpeg,0,1,1,1,0,1,0,0
Mountain_3073.jpeg,0,1,1,1,0,1,0,0
Mountain_3074.jpeg,0,0,1,1,0,0,1,1
Mountain_3075.jpeg,0,0,1,1,0,1,0,1
Coast_Train_1158.jpeg,1,1,1,0,0,1,0,0
Coast_Train_1159.jpeg,1,1,1,1,0,1,0,0
Coast_Train_1161.jpeg,1,1,1,1,0,1,0,0
Coast_Train_1163.jpeg,1,1,1,1,0,1,0,0
Coast_Train_1164.jpeg,1,1,1,1,0,1,0,0
Coast_Train_1165.jpeg,1,1,1,0,0,1,0,0
Coast_Train_1166.jpeg,1,1,1,1,0,1,0,0
Coast_Train_1167.jpeg,1,1,1,1,0,1,0,0
Coast_Train_1170.jpeg,1,1,1,1,0,1,0,0
Coast_Train_1171.jpeg,0,1,1,1,1,0,0,0
Coast_Train_1173.jpeg,1,1,1,1,0,1,0,0
Coast_Train_1175.jpeg,1,1,1,0,0,1,0,0
Coast_Train_1176.jpeg,1,1,1,1,0,0,1,0
Coast_Train_1177.jpeg,1,1,1,1,0,1,0,0
Coast_Train_1198.jpeg,0,1,1,0,0,1,0,0
Coast_Train_1200.jpeg,1,1,1,0,1,0,0,0
Coast_Train_1201.jpeg,1,1,1,0,0,1,0,0
Coast_Train_1202.jpeg,1,1,1,0,0,1,0,0
Coast_Train_1203.jpeg,1,1,1,1,0,1,0,0
Coast_Train_1204.jpeg,0,1,1,1,0,1,0,0
Coast_Train_1217.jpeg,1,1,1,1,0,1,0,0
Coast_Train_1218.jpeg,1,1,1,1,0,1,0,0
Coast_Train_1219.jpeg,1,1,1,1,0,0,1,0
Coast_Train_1222.jpeg,1,1,1,1,0,1,0,0
Coast_Train_1223.jpeg,1,1,1,0,1,0,0,0
Coast_Train_1224.jpeg,0,1,1,1,0,1,0,0
Coast_Train_1225.jpeg,0,1,1,0,0,1,0,0
Coast_Train_1226.jpeg,1,1,1,1,0,1,0,0
Coast_Train_1228.jpeg,1,1,1,1,0,1,0,0
Coast_Train_1229.jpeg,1,1,1,1,0,1,0,0
Coast_Train_1232.jpeg,1,1,1,1,0,1,0,0
Coast_Train_1236.jpeg,0,1,1,0,0,1,0,0
Coast_Train_1237.jpeg,1,1,1,1,0,1,0,0
Coast_Train_1238.jpeg,1,1,1,0,0,1,0,0
Coast_Train_1239.jpeg,1,1,1,1,0,1,0,0
Coast_Train_1347.jpeg,1,1,1,1,0,1,0,0
Coast_Train_1349.jpeg,1,1,1,1,0,1,0,0
Coast_Train_1350.jpeg,1,1,1,1,0,1,0,0
Coast_Train_1351.jpeg,0,1,1,0,1,0,0,0
Coast_Train_1352.jpeg,1,1,1,1,0,1,0,0
Coast_Train_1353.jpeg,1,1,1,1,1,0,0,0
Coast_Train_1356.jpeg,1,1,1,1,0,1,0,0
Coast_Train_1357.jpeg,1,1,1,0,0,1,0,0
Coast_Train_1358.jpeg,1,1,1,1,0,1,0,0
Coast_Train_1360.jpeg,1,1,1,1,0,1,1,0
Coast_Train_1361.jpeg,1,1,1,0,1,0,0,0
Coast_Train_1363.jpeg,1,1,1,1,0,1,1,0
Coast_Train_1366.jpeg,1,1,1,0,0,1,1,0
Coast_Train_1368.jpeg,1,1,1,1,0,1,0,0
Coast_Train_1370.jpeg,1,1,1,1,0,0,1,0
Desert_Train_419.jpeg,0,0,1,0,1,0,1,0
Desert_Train_420.jpeg,0,0,1,1,0,1,0,0
Desert_Train_421.jpeg,0,0,1,0,1,0,0,0
Desert_Train_423.jpeg,0,0,1,0,1,0,1,1
Desert_Train_424.jpeg,0,0,1,1,0,1,0,0
Desert_Train_426.jpeg,0,0,1,1,0,1,0,0
Desert_Train_428.jpeg,0,0,1,0,1,0,0,0
Desert_Train_429.jpeg,0,0,1,1,1,0,0,0
Desert_Train_433.jpeg,0,0,1,1,0,1,0,1
Desert_Train_434.jpeg,0,1,1,1,1,0,0,0
Desert_Train_435.jpeg,0,0,1,0,1,0,1,0
Desert_Train_436.jpeg,0,0,1,1,0,1,0,0
Desert_Train_437.jpeg,0,0,1,0,0,0,1,0
Desert_Train_439.jpeg,0,0,1,0,0,1,0,0
Desert_Train_440.jpeg,0,0,1,0,0,1,0,0
Desert_Train_441.jpeg,0,0,1,1,0,0,0,0
Desert_Train_442.jpeg,0,0,1,0,1,0,1,1
Desert_Train_443.jpeg,0,0,1,0,1,0,0,0
Desert_Train_446.jpeg,0,0,1,0,1,0,1,0
Desert_Train_447.jpeg,0,0,1,0,1,0,0,0
Glacier_Train_2.jpeg,0,1,1,1,0,1,0,1
Glacier_Train_5.jpeg,0,1,1,0,0,1,0,0
Glacier_Train_6.jpeg,0,0,0,0,0,1,1,1
Glacier_Train_8.jpeg,0,1,1,0,0,1,0,0
Glacier_Train_18.jpeg,0,1,1,1,0,1,1,0
Glacier_Train_99.jpeg,0,1,1,0,0,1,1,0
Glacier_Train_100.jpeg,0,1,1,0,0,1,1,0
Glacier_Train_101.jpeg,0,1,0,0,0,1,0,0
Glacier_Train_102.jpeg,0,0,1,0,0,1,0,1
Glacier_Train_132.jpeg,0,1,1,0,0,1,0,0
Mountain_3193.jpeg,0,0,1,1,1,0,0,0
Mountain_3194.jpeg,0,0,1,1,0,1,1,0
Mountain_3195.jpeg,0,1,1,1,0,1,0,1
Mountain_3197.jpeg,0,0,1,0,1,0,0,1
Mountain_3198.jpeg,0,1,1,1,0,1,0,1
Mountain_3201.jpeg,0,0,1,1,0,1,1,1
Mountain_3202.jpeg,0,0,1,1,0,1,1,1
Mountain_3203.jpeg,0,0,1,1,0,1,1,1
Mountain_3204.jpeg,0,0,1,1,0,1,0,1
Mountain_3205.jpeg,0,0,1,1,0,1,1,1
Mountain_3206.jpeg,0,0,1,1,1,0,0,0
Mountain_3207.jpeg,0,0,1,1,0,0,1,1
Mountain_3208.jpeg,0,0,1,1,0,0,0,1
Mountain_3209.jpeg,0,0,1,1,0,0,1,1
Mountain_3213.jpeg,1,1,1,1,0,0,0,1
Mountain_3214.jpeg,0,0,1,1,0,0,1,0
Mountain_3215.jpeg,0,0,1,1,1,0,0,0
Mountain_3216.jpeg,0,0,1,1,0,0,0,1
Mountain_3217.jpeg,0,0,1,1,0,0,0,1
Mountain_3218.jpeg,0,0,1,1,0,0,1,1
Coast_Train_375.jpeg,0,1,1,0,1,0,0,0
Coast_Train_376.jpeg,1,1,1,1,1,0,0,0
Coast_Train_377.jpeg,0,1,1,1,0,0,0,0
Coast_Train_378.jpeg,1,1,1,1,0,1,0,0
Coast_Train_379.jpeg,0,1,1,1,1,0,0,0
Coast_Train_436.jpeg,1,1,1,1,0,1,0,0
Coast_Train_437.jpeg,0,1,1,1,0,0,1,0
Coast_Train_440.jpeg,1,1,1,1,1,0,0,0
Coast_Train_442.jpeg,0,1,1,1,0,1,1,0
Coast_Train_443.jpeg,1,1,1,1,0,1,0,0
Coast_Train_444.jpeg,1,1,1,0,1,0,0,0
Coast_Train_446.jpeg,1,1,1,1,0,1,1,0
Coast_Train_447.jpeg,0,1,1,1,1,0,0,0
Coast_Train_465.jpeg,1,1,1,1,0,1,1,0
Coast_Train_466.jpeg,1,1,1,0,0,0,1,0
Coast_Train_532.jpeg,1,1,1,0,0,1,0,0
Coast_Train_533.jpeg,1,1,1,1,0,0,1,0
Coast_Train_534.jpeg,0,1,1,1,1,0,0,0
Coast_Train_536.jpeg,0,1,1,1,1,0,0,0
Coast_Train_540.jpeg,1,1,1,0,0,1,0,0
Coast_Train_947.jpeg,0,1,1,1,1,0,0,0
Coast_Train_948.jpeg,1,1,1,1,0,1,0,0
Coast_Train_949.jpeg,1,1,1,1,1,0,0,0
Coast_Train_950.jpeg,1,1,1,1,0,1,0,0
Coast_Train_951.jpeg,1,1,1,0,1,0,0,0
Coast_Train_952.jpeg,0,1,1,0,1,0,1,0
Coast_Train_955.jpeg,0,1,1,0,0,0,1,0
Coast_Train_959.jpeg,1,1,1,1,0,1,1,0
Coast_Train_960.jpeg,1,1,1,1,1,0,0,0
Coast_Train_961.jpeg,1,1,1,1,0,1,1,0
Coast_Train_962.jpeg,1,1,1,0,0,1,0,0
Coast_Train_963.jpeg,1,1,1,1,0,1,0,0
Coast_Train_965.jpeg,1,1,1,1,0,1,0,0
Coast_Train_966.jpeg,1,1,1,1,0,1,1,0
Coast_Train_968.jpeg,1,1,1,1,0,1,0,0
Coast_Train_969.jpeg,0,1,1,0,0,1,0,0
Coast_Train_971.jpeg,1,1,1,0,0,1,0,0
Coast_Train_972.jpeg,1,1,1,0,0,1,0,0
Coast_Train_973.jpeg,1,1,1,0,0,1,0,0
Coast_Train_976.jpeg,1,1,1,0,1,0,0,0
Coast_Train_1090.jpeg,1,1,1,0,0,1,0,0
Coast_Train_1091.jpeg,1,1,1,1,0,1,0,0
Coast_Train_1092.jpeg,1,1,1,1,0,1,0,0
Coast_Train_1095.jpeg,1,1,1,1,0,1,0,0
Coast_Train_1096.jpeg,1,1,1,1,0,1,0,0
Coast_Train_1310.jpeg,1,1,1,1,0,1,0,0
Coast_Train_1311.jpeg,1,1,1,0,0,1,0,0
Coast_Train_1317.jpeg,1,1,1,1,0,1,0,0
Coast_Train_1321.jpeg,1,1,1,1,1,0,0,0
Coast_Train_1323.jpeg,1,1,1,0,1,0,0,0
Coast_Train_1304.jpeg,1,1,1,1,0,1,0,0
Coast_Train_1305.jpeg,1,1,1,1,0,1,0,0
Coast_Train_1307.jpeg,1,1,1,1,1,0,0,0
Coast_Train_1308.jpeg,1,1,1,0,0,1,0,0
Coast_Train_1309.jpeg,1,1,1,1,0,1,0,0
Coast_Train_1325.jpeg,1,1,1,1,0,1,0,0
Coast_Train_1326.jpeg,1,1,1,0,0,1,0,0
Coast_Train_1327.jpeg,1,1,1,0,0,1,0,0
Coast_Train_1328.jpeg,1,1,1,0,0,1,0,0
Coast_Train_1329.jpeg,1,1,1,1,0,1,0,0
Coast_Train_1330.jpeg,1,1,1,1,0,1,0,0
Coast_Train_1332.jpeg,1,1,1,1,0,1,1,0
Coast_Train_1339.jpeg,1,1,1,1,0,1,1,0
Coast_Train_1340.jpeg,1,1,1,1,0,1,1,0
Coast_Train_1341.jpeg,1,1,1,1,0,1,0,0
Coast_Train_1371.jpeg,1,1,1,1,0,1,0,0
Coast_Train_1372.jpeg,1,1,1,1,0,1,1,0
Coast_Train_1375.jpeg,1,1,1,1,0,1,0,0
Coast_Train_1377.jpeg,0,1,1,1,0,1,0,0
Coast_Train_1379.jpeg,1,1,1,1,1,0,1,0
Coast_Train_1481.jpeg,1,1,1,1,0,1,0,0
Coast_Train_1482.jpeg,0,1,1,1,0,0,1,0
Coast_Train_1483.jpeg,0,1,1,1,0,1,0,0
Coast_Train_1484.jpeg,1,1,1,1,0,1,0,0
Coast_Train_1485.jpeg,1,1,1,1,0,1,0,0
Coast_Train_1486.jpeg,1,1,1,1,1,0,0,0
Coast_Train_1487.jpeg,0,1,1,1,0,0,1,0
Coast_Train_1488.jpeg,0,1,1,1,0,1,0,0
Coast_Train_1489.jpeg,1,1,1,1,0,1,0,0
Coast_Train_1490.jpeg,0,1,1,1,0,1,0,0
Coast_Train_1491.jpeg,0,1,1,1,0,1,0,0
Coast_Train_1492.jpeg,0,1,1,1,0,0,1,0
Coast_Train_1494.jpeg,1,1,1,1,0,1,0,0
Coast_Train_1499.jpeg,1,1,1,1,0,1,0,0
Coast_Train_1501.jpeg,1,1,1,1,0,1,0,0
Coast_Train_1502.jpeg,1,1,1,1,0,1,0,0
Coast_Train_1503.jpeg,0,1,1,1,0,1,0,0
Coast_Train_1504.jpeg,0,1,1,1,0,1,0,0
Coast_Train_1508.jpeg,0,1,1,1,0,1,0,0
Coast_Train_1512.jpeg,1,1,1,1,0,1,0,0
Coast_Train_1538.jpeg,0,1,1,1,0,1,0,0
Coast_Train_1540.jpeg,1,1,1,1,0,1,0,0
Coast_Train_1542.jpeg,0,1,1,1,0,1,0,0
Coast_Train_1543.jpeg,0,1,1,1,0,1,0,0
Coast_Train_1544.jpeg,1,1,1,1,1,0,1,0
Coast_Train_1778.jpeg,0,1,1,1,0,1,0,0
Coast_Train_1779.jpeg,0,1,1,0,1,0,1,0
Coast_Train_1781.jpeg,0,1,1,1,1,0,0,0
Coast_Train_1782.jpeg,1,1,1,1,1,0,1,0
Coast_Train_1784.jpeg,0,1,1,1,0,1,0,0
Coast_Train_1142.jpeg,1,1,1,0,1,0,0,0
Coast_Train_1146.jpeg,0,1,1,0,0,1,0,0
Coast_Train_1147.jpeg,1,1,1,0,0,1,0,0
Coast_Train_1148.jpeg,1,1,1,1,0,1,0,0
Coast_Train_1150.jpeg,1,1,1,1,0,1,0,0
Coast_Train_1210.jpeg,1,1,1,1,0,1,0,0
Coast_Train_1211.jpeg,1,1,1,1,0,1,0,0
Coast_Train_1214.jpeg,1,1,1,1,0,1,0,0
Coast_Train_1215.jpeg,1,1,1,1,0,1,0,0
Coast_Train_1216.jpeg,1,1,1,1,0,1,1,0
Coast_Train_1578.jpeg,1,1,1,1,0,1,0,0
Coast_Train_1579.jpeg,1,1,1,1,0,1,0,0
Coast_Train_1581.jpeg,1,1,1,1,0,1,0,0
Coast_Train_1584.jpeg,1,1,1,1,0,1,0,0
Coast_Train_1589.jpeg,1,1,1,1,0,1,0,0
Coast_Train_1591.jpeg,1,1,1,1,1,0,1,0
Coast_Train_1592.jpeg,0,1,1,1,0,1,1,0
Coast_Train_1595.jpeg,0,1,1,1,0,1,0,0
Coast_Train_1596.jpeg,0,1,1,0,1,0,1,0
Coast_Train_1597.jpeg,0,1,1,1,0,1,0,0
Coast_Train_1598.jpeg,0,1,1,1,0,1,1,0
Coast_Train_1599.jpeg,0,1,1,1,0,1,1,0
Coast_Train_1602.jpeg,0,1,1,1,0,1,1,0
Coast_Train_1603.jpeg,0,1,1,1,0,1,1,0
Coast_Train_1608.jpeg,0,1,1,1,1,0,1,0
Coast_Train_1611.jpeg,0,1,1,1,0,1,0,0
Coast_Train_1621.jpeg,1,1,1,1,0,1,0,0
Coast_Train_1622.jpeg,1,1,1,1,0,1,0,0
Coast_Train_1625.jpeg,1,1,1,1,0,1,0,0
Coast_Train_1628.jpeg,0,1,1,1,0,1,0,0
Coast_Train_1816.jpeg,0,1,1,1,0,0,1,0
Coast_Train_1819.jpeg,0,1,1,1,1,0,0,0
Coast_Train_1822.jpeg,0,1,1,0,1,0,0,0
Coast_Train_1825.jpeg,1,1,1,1,0,1,0,0
Coast_Train_1827.jpeg,0,1,1,1,1,0,1,0
Coast_Train_1830.jpeg,0,1,1,1,1,0,1,0
Coast_Train_1831.jpeg,0,1,1,1,1,0,0,0
Coast_Train_1832.jpeg,1,1,1,0,1,0,0,0
Coast_Train_1836.jpeg,0,1,1,0,0,1,0,0
Coast_Train_1844.jpeg,1,1,1,1,1,0,1,0
Coast_Train_1846.jpeg,1,1,0,0,0,0,1,0
Coast_Train_1850.jpeg,0,1,1,1,0,0,1,0
Coast_Train_1853.jpeg,1,1,1,0,1,0,0,0
Coast_Train_1856.jpeg,0,1,1,0,0,1,0,0
Coast_Train_1858.jpeg,0,1,1,1,0,1,0,0
Coast_Train_1862.jpeg,1,1,1,1,1,0,0,0
Coast_Train_1866.jpeg,1,1,1,1,1,0,0,0
Coast_Train_1868.jpeg,0,1,1,1,1,0,0,0
Coast_Train_1872.jpeg,0,1,1,0,1,0,0,0
Coast_Train_1908.jpeg,0,1,1,1,1,0,0,0
Desert_Train_448.jpeg,0,0,1,1,1,0,0,0
Desert_Train_449.jpeg,0,0,1,1,0,1,0,0
Desert_Train_450.jpeg,0,0,1,1,1,0,0,0
Desert_Train_452.jpeg,0,0,1,0,1,0,0,0
Desert_Train_453.jpeg,0,0,1,1,0,1,0,0
Desert_Train_481.jpeg,0,0,1,0,1,0,0,0
Desert_Train_484.jpeg,0,0,1,1,1,0,0,0
Desert_Train_485.jpeg,0,0,1,0,0,1,0,0
Desert_Train_487.jpeg,0,0,1,0,0,1,0,0
Desert_Train_488.jpeg,0,0,1,0,1,0,0,0
Desert_Train_489.jpeg,0,0,1,0,1,0,0,0
Desert_Train_490.jpeg,0,0,1,1,0,1,0,0
Desert_Train_491.jpeg,0,0,1,1,1,0,0,0
Desert_Train_492.jpeg,0,0,1,1,0,1,0,0
Desert_Train_493.jpeg,0,0,1,1,0,1,0,0
Forest_Train_66.jpeg,0,0,0,1,1,0,0,0
Forest_Train_67.jpeg,0,0,1,1,0,0,1,0
Forest_Train_68.jpeg,0,0,0,1,0,0,1,0
Forest_Train_71.jpeg,0,0,0,1,1,0,0,0
Forest_Train_72.jpeg,0,0,1,1,0,1,0,0
Forest_Train_73.jpeg,0,0,1,1,0,1,0,0
Forest_Train_74.jpeg,0,0,0,1,0,0,1,0
Forest_Train_75.jpeg,0,0,0,1,1,0,0,0
Forest_Train_76.jpeg,0,0,0,1,1,0,0,0
Forest_Train_77.jpeg,0,0,0,1,1,0,0,0
Glacier_Train_373.jpeg,0,0,1,0,0,0,1,0
Glacier_Train_374.jpeg,0,0,1,0,0,0,1,0
Glacier_Train_375.jpeg,0,0,1,0,0,1,0,0
Glacier_Train_376.jpeg,0,1,1,0,0,1,0,0
Glacier_Train_377.jpeg,0,1,1,0,0,1,1,0
Glacier_Train_378.jpeg,0,1,1,0,0,0,1,0
Glacier_Train_379.jpeg,0,0,1,0,0,1,1,0
Glacier_Train_380.jpeg,0,1,1,0,0,0,1,0
Glacier_Train_382.jpeg,0,0,1,0,0,0,1,0
Glacier_Train_383.jpeg,0,1,1,0,0,0,1,0
Glacier_Train_384.jpeg,0,1,1,0,0,1,0,0
Glacier_Train_385.jpeg,0,1,1,1,0,0,1,0
Glacier_Train_386.jpeg,0,0,1,0,0,0,1,1
Glacier_Train_388.jpeg,0,1,1,0,0,1,0,0
Glacier_Train_390.jpeg,0,1,1,0,0,1,0,0
Glacier_Train_391.jpeg,0,1,1,0,0,1,0,0
Glacier_Train_392.jpeg,0,1,1,0,0,0,1,0
Glacier_Train_395.jpeg,0,1,1,0,0,1,0,0
Glacier_Train_397.jpeg,0,1,1,0,0,1,0,0
Glacier_Train_398.jpeg,0,1,1,0,0,1,0,0
Mountain_3229.jpeg,0,1,1,1,0,1,0,0
Mountain_3230.jpeg,0,0,1,1,0,1,0,1
Mountain_3232.jpeg,0,0,1,1,1,0,0,0
Mountain_3233.jpeg,0,1,1,1,0,1,1,0
Mountain_3234.jpeg,0,0,1,1,1,0,0,0
Forest_Train_456.jpeg,0,0,1,1,0,0,0,0
Forest_Train_458.jpeg,0,0,0,1,1,0,0,0
Forest_Train_460.jpeg,0,0,1,1,0,1,1,0
Forest_Train_461.jpeg,0,0,0,1,1,0,0,0
Forest_Train_463.jpeg,0,0,1,1,0,1,1,0
Forest_Train_464.jpeg,0,0,0,1,0,1,1,0
Forest_Train_465.jpeg,0,0,0,1,0,0,0,0
Forest_Train_466.jpeg,0,0,0,1,1,0,0,0
Forest_Train_467.jpeg,0,0,0,1,0,0,1,0
Forest_Train_470.jpeg,0,0,0,1,1,0,0,0
Forest_Train_490.jpeg,0,1,1,1,0,1,0,0
Forest_Train_491.jpeg,0,0,0,1,1,0,0,0
Forest_Train_492.jpeg,0,0,1,1,0,1,0,0
Forest_Train_493.jpeg,0,0,1,1,0,1,0,0
Forest_Train_494.jpeg,0,1,1,1,0,1,0,0
Forest_Train_496.jpeg,0,0,1,1,0,1,0,0
Forest_Train_497.jpeg,0,1,1,1,0,1,1,0
Forest_Train_498.jpeg,0,0,0,1,1,0,0,0
Forest_Train_499.jpeg,0,0,0,1,1,0,0,0
Glacier_Train_1.jpeg,0,0,1,1,1,0,1,0
Glacier_Train_472.jpeg,0,1,1,0,0,1,0,0
Glacier_Train_478.jpeg,0,0,0,0,0,0,0,1
Glacier_Train_479.jpeg,0,1,1,0,0,1,0,0
Glacier_Train_480.jpeg,0,1,1,0,0,1,0,1
Glacier_Train_481.jpeg,0,1,1,0,0,1,0,0
Glacier_Train_483.jpeg,0,1,1,0,0,0,1,0
Glacier_Train_487.jpeg,0,0,0,0,0,1,0,1
Glacier_Train_488.jpeg,0,1,0,0,0,1,0,0
Glacier_Train_489.jpeg,0,1,1,0,0,1,0,0
Glacier_Train_490.jpeg,0,0,0,0,0,0,0,1
Mountain_2985.jpeg,0,0,1,1,1,0,0,0
Mountain_2986.jpeg,0,0,1,1,0,1,0,0
Mountain_2987.jpeg,0,0,1,1,0,1,1,0
Mountain_2988.jpeg,0,0,1,1,0,1,1,0
Mountain_2989.jpeg,0,0,1,1,0,1,0,1
Mountain_2990.jpeg,0,0,1,1,0,0,1,1
Mountain_2991.jpeg,0,0,1,1,1,0,0,0
Mountain_2992.jpeg,0,0,1,1,0,1,1,0
Mountain_2993.jpeg,0,0,1,1,1,0,1,0
Mountain_2994.jpeg,0,0,1,1,1,0,1,1
Mountain_3439.jpeg,0,0,1,1,0,1,1,1
Mountain_3440.jpeg,0,0,1,1,0,1,1,0
Mountain_3442.jpeg,0,0,1,1,0,1,0,0
Mountain_3443.jpeg,0,0,1,1,0,1,1,1
Mountain_3444.jpeg,0,0,1,1,0,1,0,0
Mountain_3445.jpeg,0,0,1,1,0,1,1,1
Mountain_3446.jpeg,0,0,1,1,1,0,1,0
Mountain_3449.jpeg,0,0,1,1,0,0,1,0
Mountain_3450.jpeg,0,0,1,1,0,0,1,1
Mountain_3452.jpeg,0,0,1,1,0,0,0,1